tr_loss;tr_acc;Val_acc;Val_acc0;Val_acc1;Val_loss;Test_acc;Test_acc0;Test_acc1;Test_loss
0.6363324522972107;0.5757432579994202;0.5652173757553101;0.611940324306488;0.4793814420700073;0.6408315896987915;0.6219281554222107;0.6597015261650085;0.5515463948249817;0.6079908609390259
0.596890926361084;0.6224634051322937;0.6427221298217773;0.9462686777114868;0.11340206116437912;0.6772689819335938;0.6559546589851379;0.9820895791053772;0.08762886375188828;0.6593067646026611
0.5644372701644897;0.653374195098877;0.6578450202941895;0.7223880887031555;0.5412371158599854;0.580600917339325;0.7107750773429871;0.779104471206665;0.5876288414001465;0.5283148884773254
0.491873174905777;0.7163756489753723;0.6143667697906494;0.4417910575866699;0.907216489315033;0.5472208857536316;0.6275992393493652;0.483582079410553;0.8711339831352234;0.527551531791687
0.39795345067977905;0.7819725871086121;0.7958412170410156;0.9343283772468567;0.5515463948249817;0.46536198258399963;0.8166351914405823;0.9552239179611206;0.5721649527549744;0.4380561113357544
0.358611136674881;0.8166587948799133;0.8241966366767883;0.8656716346740723;0.7474226355552673;0.3841952681541443;0.8241966366767883;0.8776119351387024;0.7268040776252747;0.3836101293563843
0.32990530133247375;0.8317602276802063;0.7844990491867065;0.7701492309570312;0.8041236996650696;0.3813294470310211;0.782608687877655;0.7820895314216614;0.7783504724502563;0.3942124545574188
0.31871458888053894;0.8324681520462036;0.8374291062355042;0.9492537379264832;0.6391752362251282;0.40133383870124817;0.8336483836174011;0.9552239179611206;0.6185566782951355;0.3917037546634674
0.3160424530506134;0.8397828936576843;0.8317580819129944;0.9582089781761169;0.6082473993301392;0.42509958148002625;0.8298677206039429;0.9582089781761169;0.6030927896499634;0.40756550431251526
0.30384954810142517;0.8466257452964783;0.7844990491867065;0.9761193990707397;0.4484536051750183;0.5257182717323303;0.8015123009681702;0.9731343388557434;0.4999999701976776;0.5081725120544434
0.2970302402973175;0.846861720085144;0.8355387449264526;0.9432836174964905;0.6443299055099487;0.38778209686279297;0.8449905514717102;0.9522387981414795;0.6546391844749451;0.36556461453437805
0.2880663573741913;0.8527607321739197;0.8449905514717102;0.9522387981414795;0.6546391844749451;0.389955997467041;0.8355387449264526;0.9462686777114868;0.6391752362251282;0.3874810039997101
0.28967538475990295;0.851108968257904;0.8185255527496338;0.9701492786407471;0.5515463948249817;0.46878939867019653;0.8204159140586853;0.9731343388557434;0.5515463948249817;0.45318546891212463
0.2686213254928589;0.8636149168014526;0.8128544688224792;0.9731343388557434;0.530927836894989;0.5105366110801697;0.8071833848953247;0.9731343388557434;0.5154638886451721;0.4934885799884796
0.2693849503993988;0.8610193133354187;0.8468809127807617;0.9462686777114868;0.6701030731201172;0.39527013897895813;0.8279773592948914;0.9462686777114868;0.6185566782951355;0.4015096127986908
0.26344433426856995;0.8638508319854736;0.8260869979858398;0.9701492786407471;0.5721649527549744;0.4699549674987793;0.8166351914405823;0.967164158821106;0.5515463948249817;0.4585076570510864
0.26581454277038574;0.8605474233627319;0.8317580819129944;0.967164158821106;0.592783510684967;0.47250819206237793;0.8166351914405823;0.9522387981414795;0.5773195624351501;0.4513823390007019
0.2487676590681076;0.8716375231742859;0.8412098288536072;0.9462686777114868;0.6546391844749451;0.3894096910953522;0.8317580819129944;0.9462686777114868;0.6288659572601318;0.38436561822891235
0.23823009431362152;0.8784803748130798;0.8412098288536072;0.8925372958183289;0.7474226355552673;0.3402816951274872;0.8563327193260193;0.9104477763175964;0.7577319145202637;0.31939032673835754
0.2361343652009964;0.8775365352630615;0.8563327193260193;0.9522387981414795;0.6855669617652893;0.37820446491241455;0.8279773592948914;0.9462686777114868;0.6185566782951355;0.40122222900390625
0.23947463929653168;0.8765926957130432;0.8544423580169678;0.9164178967475891;0.7422680258750916;0.33962714672088623;0.8487712740898132;0.9313433170318604;0.7010309100151062;0.33586934208869934
0.2234416902065277;0.8869749903678894;0.8544423580169678;0.89552241563797;0.7783504724502563;0.3251800835132599;0.8468809127807617;0.9164178967475891;0.7216494679450989;0.3242960274219513
0.2349429428577423;0.8796601891517639;0.8487712740898132;0.89552241563797;0.7628865838050842;0.34765636920928955;0.8544423580169678;0.9104477763175964;0.7525773048400879;0.3197338581085205
0.21517249941825867;0.8902783989906311;0.8431001901626587;0.8597015142440796;0.8092783093452454;0.32209348678588867;0.8601134419441223;0.8925372958183289;0.798969030380249;0.2986985445022583
0.22282898426055908;0.8862670660018921;0.8279773592948914;0.9552239179611206;0.6030927896499634;0.4435977339744568;0.8374291062355042;0.967164158821106;0.6082473993301392;0.44365012645721436
0.21649876236915588;0.8902783989906311;0.8695652484893799;0.9432836174964905;0.737113356590271;0.35049524903297424;0.8449905514717102;0.9492537379264832;0.6597937941551208;0.38119760155677795
0.2230294793844223;0.8843793869018555;0.8166351914405823;0.800000011920929;0.8402061462402344;0.33472907543182373;0.8336483836174011;0.8388059735298157;0.8195875883102417;0.2971382737159729
0.20887154340744019;0.8961774110794067;0.8544423580169678;0.8716418147087097;0.8195875883102417;0.3147227466106415;0.8676748871803284;0.904477596282959;0.798969030380249;0.2978993356227875
0.21799695491790771;0.8874468803405762;0.8620038032531738;0.9014925360679626;0.7886597514152527;0.3089286983013153;0.8790170550346375;0.9432836174964905;0.7628865838050842;0.28753548860549927
0.20209169387817383;0.892874002456665;0.8544423580169678;0.8447761535644531;0.8659793734550476;0.29533594846725464;0.8733459711074829;0.8865671753883362;0.8453608155250549;0.2693348526954651
0.2055615484714508;0.891694188117981;0.8544423580169678;0.8985074758529663;0.7731958627700806;0.33026212453842163;0.8676748871803284;0.9283581972122192;0.7577319145202637;0.3210468888282776
0.1961744874715805;0.8992449045181274;0.8638941645622253;0.89552241563797;0.8041236996650696;0.32325267791748047;0.8563327193260193;0.9194030165672302;0.7422680258750916;0.31295284628868103
0.19267012178897858;0.8990089297294617;0.880907416343689;0.9253731369972229;0.798969030380249;0.2944064438343048;0.8638941645622253;0.9283581972122192;0.7474226355552673;0.31281614303588867
0.18763744831085205;0.9046719670295715;0.8431001901626587;0.9522387981414795;0.6494845151901245;0.39883437752723694;0.8449905514717102;0.9611940383911133;0.6391752362251282;0.3785865008831024
0.2000751495361328;0.8938178420066833;0.8563327193260193;0.9104477763175964;0.7577319145202637;0.3288319706916809;0.8638941645622253;0.9253731369972229;0.7525773048400879;0.29158949851989746
0.18208999931812286;0.9025483727455139;0.8695652484893799;0.9014925360679626;0.8092783093452454;0.3009736239910126;0.8790170550346375;0.9313433170318604;0.7835051417350769;0.2888640761375427
0.18884986639022827;0.9006606936454773;0.8582230806350708;0.8656716346740723;0.8402061462402344;0.3062993288040161;0.8695652484893799;0.904477596282959;0.8041236996650696;0.2851436734199524
0.1879897266626358;0.9004247188568115;0.8582230806350708;0.9194030165672302;0.7474226355552673;0.32890382409095764;0.8620038032531738;0.9343283772468567;0.7319587469100952;0.32734066247940063
0.18177220225334167;0.9046719670295715;0.8695652484893799;0.9194030165672302;0.7783504724502563;0.32326558232307434;0.8582230806350708;0.9283581972122192;0.7319587469100952;0.3155447244644165
0.18608371913433075;0.89995276927948;0.8695652484893799;0.9283581972122192;0.7628865838050842;0.3446468114852905;0.8601134419441223;0.9402984976768494;0.7164947986602783;0.3452734053134918
0.1781991422176361;0.9042000770568848;0.8487712740898132;0.8358209133148193;0.8659793734550476;0.2910475432872772;0.8431001901626587;0.8507462739944458;0.8247422575950623;0.28705480694770813
0.1721584051847458;0.9082114100456238;0.8563327193260193;0.9313433170318604;0.7216494679450989;0.35273104906082153;0.8582230806350708;0.9462686777114868;0.7010309100151062;0.3558109998703003
0.1712127923965454;0.9103350639343262;0.8695652484893799;0.9164178967475891;0.7835051417350769;0.320726603269577;0.8714556097984314;0.9313433170318604;0.7628865838050842;0.30860698223114014
0.16454361379146576;0.9098631143569946;0.8733459711074829;0.9223880767822266;0.7835051417350769;0.30045223236083984;0.8676748871803284;0.9313433170318604;0.7525773048400879;0.3187207877635956
0.16074740886688232;0.920009434223175;0.8638941645622253;0.9134328365325928;0.7731958627700806;0.3426557183265686;0.8714556097984314;0.9432836174964905;0.7422680258750916;0.3340114951133728
0.16700667142868042;0.907975435256958;0.8676748871803284;0.9223880767822266;0.76804119348526;0.32827845215797424;0.8714556097984314;0.9492537379264832;0.7319587469100952;0.34633001685142517
0.1576414555311203;0.9169419407844543;0.8771266937255859;0.9164178967475891;0.8041236996650696;0.31301552057266235;0.8771266937255859;0.9343283772468567;0.7731958627700806;0.30267587304115295
0.1611352115869522;0.9134024977684021;0.8657845258712769;0.8716418147087097;0.8505154252052307;0.3005020320415497;0.8638941645622253;0.89552241563797;0.8041236996650696;0.2865794897079468
0.1632833033800125;0.9164699912071228;0.8790170550346375;0.9134328365325928;0.8144329786300659;0.30406445264816284;0.884688138961792;0.9343283772468567;0.7938144207000732;0.2937189042568207
0.16125176846981049;0.9117507934570312;0.8714556097984314;0.9104477763175964;0.798969030380249;0.3259254992008209;0.8714556097984314;0.9313433170318604;0.7628865838050842;0.3153270483016968
0.147147536277771;0.9190655946731567;0.8733459711074829;0.9104477763175964;0.8041236996650696;0.30732738971710205;0.8752363324165344;0.9313433170318604;0.7731958627700806;0.2895607054233551
0.15919792652130127;0.9131665825843811;0.8733459711074829;0.9134328365325928;0.798969030380249;0.2910922169685364;0.8752363324165344;0.9313433170318604;0.7731958627700806;0.2905255854129791
0.15633538365364075;0.9136384725570679;0.8676748871803284;0.9313433170318604;0.7525773048400879;0.3243812024593353;0.8657845258712769;0.9343283772468567;0.7422680258750916;0.33695054054260254
0.15265609323978424;0.9171779155731201;0.8827977776527405;0.904477596282959;0.8402061462402344;0.28704458475112915;0.8771266937255859;0.9134328365325928;0.8092783093452454;0.26318782567977905
0.1559598445892334;0.9185936450958252;0.8827977776527405;0.9253731369972229;0.8041236996650696;0.2816316783428192;0.8790170550346375;0.937313437461853;0.7731958627700806;0.29341739416122437
0.14796321094036102;0.9176498055458069;0.8771266937255859;0.9223880767822266;0.7938144207000732;0.3012423515319824;0.8733459711074829;0.9462686777114868;0.7422680258750916;0.3273245692253113
0.14706864953041077;0.9174138307571411;0.8695652484893799;0.8805969953536987;0.8453608155250549;0.29240965843200684;0.880907416343689;0.9104477763175964;0.8247422575950623;0.2719371020793915
0.1386396437883377;0.9237847924232483;0.8865785002708435;0.9194030165672302;0.8247422575950623;0.29300668835639954;0.880907416343689;0.9462686777114868;0.7628865838050842;0.2983526587486267
0.1421663761138916;0.9244926571846008;0.8903591632843018;0.9194030165672302;0.8350515365600586;0.26782500743865967;0.884688138961792;0.9313433170318604;0.798969030380249;0.2583763003349304
0.14418275654315948;0.9230769276618958;0.8601134419441223;0.9253731369972229;0.7422680258750916;0.34972691535949707;0.8752363324165344;0.9582089781761169;0.7268040776252747;0.3363805115222931
0.1361839473247528;0.9261443614959717;0.8884688019752502;0.9164178967475891;0.8350515365600586;0.2830277979373932;0.8790170550346375;0.9313433170318604;0.7835051417350769;0.2644329369068146
0.14688020944595337;0.9197734594345093;0.8752363324165344;0.9283581972122192;0.7783504724502563;0.3467070758342743;0.8790170550346375;0.9462686777114868;0.7577319145202637;0.3146827816963196
0.1436455100774765;0.9209532737731934;0.8771266937255859;0.904477596282959;0.8247422575950623;0.27689841389656067;0.8865785002708435;0.9343283772468567;0.798969030380249;0.2685074210166931
0.1418587863445282;0.9240207672119141;0.8771266937255859;0.8865671753883362;0.8556700944900513;0.27966055274009705;0.8771266937255859;0.8985074758529663;0.8350515365600586;0.24373137950897217
0.14260543882846832;0.9207172989845276;0.8449905514717102;0.9492537379264832;0.6597937941551208;0.37552231550216675;0.8374291062355042;0.9582089781761169;0.623711347579956;0.39149603247642517
0.1331501454114914;0.9261443614959717;0.880907416343689;0.9104477763175964;0.8247422575950623;0.28296414017677307;0.8827977776527405;0.9313433170318604;0.7938144207000732;0.26897257566452026
0.134859099984169;0.9240207672119141;0.880907416343689;0.9313433170318604;0.7886597514152527;0.30894598364830017;0.8752363324165344;0.9432836174964905;0.7525773048400879;0.3098323345184326
0.13035427033901215;0.9282680153846741;0.880907416343689;0.9194030165672302;0.8092783093452454;0.2857789993286133;0.8827977776527405;0.9313433170318604;0.7938144207000732;0.2679252028465271
0.1318168193101883;0.9266163110733032;0.8752363324165344;0.8835821151733398;0.8556700944900513;0.27607524394989014;0.8733459711074829;0.9014925360679626;0.8195875883102417;0.24035874009132385
0.14196790754795074;0.92284095287323;0.884688138961792;0.9194030165672302;0.8195875883102417;0.2950403094291687;0.880907416343689;0.937313437461853;0.7783504724502563;0.29161199927330017
0.12308987975120544;0.9332231879234314;0.8657845258712769;0.8656716346740723;0.860824704170227;0.27208083868026733;0.8563327193260193;0.8686566948890686;0.829896867275238;0.2430374175310135
0.12338031828403473;0.9313355088233948;0.8449905514717102;0.9701492786407471;0.623711347579956;0.4515798091888428;0.8185255527496338;0.9641790986061096;0.561855673789978;0.4768567979335785
0.12412070482969284;0.9301556944847107;0.880907416343689;0.9104477763175964;0.8247422575950623;0.28347715735435486;0.880907416343689;0.9343283772468567;0.7835051417350769;0.28329339623451233
0.12249396741390228;0.9334591627120972;0.8865785002708435;0.9134328365325928;0.8350515365600586;0.2887405455112457;0.8790170550346375;0.9223880767822266;0.798969030380249;0.2741449773311615
0.12338536232709885;0.9313355088233948;0.884688138961792;0.9074627161026001;0.8402061462402344;0.2816062867641449;0.8790170550346375;0.9104477763175964;0.8195875883102417;0.28384968638420105
0.13147389888763428;0.9306276440620422;0.8827977776527405;0.9014925360679626;0.8453608155250549;0.27936041355133057;0.8676748871803284;0.8925372958183289;0.8195875883102417;0.2818185091018677
0.12595894932746887;0.9315714836120605;0.8714556097984314;0.874626874923706;0.860824704170227;0.272480309009552;0.8771266937255859;0.9014925360679626;0.829896867275238;0.27340713143348694
0.1324043869972229;0.9273241758346558;0.8733459711074829;0.9104477763175964;0.8041236996650696;0.30495887994766235;0.880907416343689;0.9253731369972229;0.798969030380249;0.28573450446128845
0.12522035837173462;0.9296838045120239;0.8771266937255859;0.9014925360679626;0.829896867275238;0.28192347288131714;0.8865785002708435;0.9283581972122192;0.8092783093452454;0.2764759659767151
0.12605522572994232;0.9339310526847839;0.8827977776527405;0.9223880767822266;0.8092783093452454;0.30934542417526245;0.880907416343689;0.9283581972122192;0.7938144207000732;0.2889920771121979
0.12378813326358795;0.930863618850708;0.880907416343689;0.89552241563797;0.8505154252052307;0.2921353578567505;0.8752363324165344;0.9014925360679626;0.8247422575950623;0.2635292708873749
0.11373170465230942;0.9374704957008362;0.8695652484893799;0.9014925360679626;0.8092783093452454;0.31527161598205566;0.8733459711074829;0.904477596282959;0.8144329786300659;0.27325186133384705
0.12300845980644226;0.9322793483734131;0.8865785002708435;0.9014925360679626;0.8556700944900513;0.2701913118362427;0.884688138961792;0.9194030165672302;0.8195875883102417;0.2527066469192505
0.12460003048181534;0.9322793483734131;0.8714556097984314;0.8626865744590759;0.8814432621002197;0.26435142755508423;0.8790170550346375;0.89552241563797;0.8453608155250549;0.2504774034023285
0.12088647484779358;0.9344030022621155;0.8941398859024048;0.9134328365325928;0.8556700944900513;0.2699459195137024;0.8865785002708435;0.9253731369972229;0.8144329786300659;0.27252161502838135
0.11539969593286514;0.937942385673523;0.884688138961792;0.9194030165672302;0.8195875883102417;0.3053053021430969;0.884688138961792;0.9432836174964905;0.7783504724502563;0.30887144804000854
0.12218210846185684;0.9344030022621155;0.8903591632843018;0.9134328365325928;0.8453608155250549;0.2819244861602783;0.8733459711074829;0.9194030165672302;0.7886597514152527;0.30279263854026794
0.11216739565134048;0.9388862252235413;0.8865785002708435;0.9164178967475891;0.829896867275238;0.2913280725479126;0.8865785002708435;0.9283581972122192;0.8092783093452454;0.28523626923561096
0.11075985431671143;0.9421896934509277;0.8695652484893799;0.9402984976768494;0.7422680258750916;0.36041221022605896;0.8657845258712769;0.9462686777114868;0.7216494679450989;0.3639272451400757
0.11033116281032562;0.9412458539009094;0.880907416343689;0.8895522356033325;0.860824704170227;0.26948925852775574;0.8903591632843018;0.9223880767822266;0.829896867275238;0.2470794916152954
0.11947650462388992;0.9327512979507446;0.8903591632843018;0.9223880767822266;0.829896867275238;0.2805182933807373;0.8695652484893799;0.9253731369972229;0.76804119348526;0.3090507686138153
0.11866359412670135;0.935110867023468;0.8865785002708435;0.9074627161026001;0.8453608155250549;0.2620358169078827;0.8827977776527405;0.9194030165672302;0.8144329786300659;0.2639671266078949
0.1100321114063263;0.9372345209121704;0.8676748871803284;0.8716418147087097;0.8556700944900513;0.2870919406414032;0.8771266937255859;0.8895522356033325;0.8505154252052307;0.2416447252035141
0.10491633415222168;0.9438413977622986;0.8714556097984314;0.904477596282959;0.8092783093452454;0.31121906638145447;0.8771266937255859;0.9253731369972229;0.7886597514152527;0.307092547416687
0.11132881045341492;0.9381783604621887;0.8657845258712769;0.8507462739944458;0.8865979313850403;0.2798348367214203;0.8676748871803284;0.8686566948890686;0.860824704170227;0.24917040765285492
0.12627971172332764;0.935110867023468;0.8827977776527405;0.8865671753883362;0.8711339831352234;0.2671988010406494;0.8922495245933533;0.9164178967475891;0.8453608155250549;0.24370770156383514
0.1135464608669281;0.937942385673523;0.8393194675445557;0.8059701323509216;0.8917525410652161;0.3117205798625946;0.8412098288536072;0.8208955526351929;0.8711339831352234;0.28743821382522583
0.10911065340042114;0.9412458539009094;0.8771266937255859;0.8835821151733398;0.860824704170227;0.25808286666870117;0.8865785002708435;0.9164178967475891;0.829896867275238;0.25475943088531494
0.10588894039392471;0.941953718662262;0.8771266937255859;0.9074627161026001;0.8195875883102417;0.30396005511283875;0.8865785002708435;0.937313437461853;0.7938144207000732;0.290105402469635
0.09945433586835861;0.9454931616783142;0.8884688019752502;0.9164178967475891;0.8350515365600586;0.2842777967453003;0.8884688019752502;0.937313437461853;0.798969030380249;0.2814294099807739
0.10828325897455215;0.9410098791122437;0.8827977776527405;0.9343283772468567;0.7886597514152527;0.3327130675315857;0.8884688019752502;0.9611940383911133;0.7577319145202637;0.33248642086982727
0.10746586322784424;0.939122200012207;0.8676748871803284;0.8567164540290833;0.8814432621002197;0.2773105800151825;0.8827977776527405;0.89552241563797;0.8556700944900513;0.2381455898284912
0.10893509536981583;0.9403020143508911;0.8771266937255859;0.8805969953536987;0.8659793734550476;0.26593953371047974;0.8790170550346375;0.9014925360679626;0.8350515365600586;0.25480642914772034
0.10776124149560928;0.9393581748008728;0.8865785002708435;0.89552241563797;0.8659793734550476;0.2464306354522705;0.8771266937255859;0.89552241563797;0.8402061462402344;0.25820034742355347
0.09933049231767654;0.9445493221282959;0.8827977776527405;0.9164178967475891;0.8195875883102417;0.2803954780101776;0.880907416343689;0.9283581972122192;0.7938144207000732;0.2861439287662506
0.1012473776936531;0.9443133473396301;0.8960302472114563;0.9194030165672302;0.8505154252052307;0.24610169231891632;0.8827977776527405;0.9134328365325928;0.8247422575950623;0.26499128341674805
0.10260769724845886;0.9436054229736328;0.8771266937255859;0.8686566948890686;0.8865979313850403;0.2552299499511719;0.8695652484893799;0.8805969953536987;0.8453608155250549;0.271197110414505
0.10849884152412415;0.9410098791122437;0.8884688019752502;0.9223880767822266;0.8247422575950623;0.28601130843162537;0.8884688019752502;0.9313433170318604;0.8092783093452454;0.28084495663642883
0.11309298127889633;0.9381783604621887;0.8865785002708435;0.8805969953536987;0.8917525410652161;0.23281608521938324;0.884688138961792;0.8985074758529663;0.8556700944900513;0.2456870824098587
0.10076615959405899;0.9457290768623352;0.8960302472114563;0.9402984976768494;0.8144329786300659;0.2939790189266205;0.8884688019752502;0.9492537379264832;0.7783504724502563;0.3085505962371826
0.10066106915473938;0.9438413977622986;0.8827977776527405;0.9313433170318604;0.7938144207000732;0.31332874298095703;0.8790170550346375;0.9402984976768494;0.76804119348526;0.2995081841945648
0.09582186490297318;0.9454931616783142;0.8733459711074829;0.904477596282959;0.8144329786300659;0.2829653322696686;0.8771266937255859;0.9164178967475891;0.8041236996650696;0.29470983147621155
0.09722129255533218;0.9466729164123535;0.8733459711074829;0.937313437461853;0.7577319145202637;0.32857945561408997;0.8752363324165344;0.9522387981414795;0.737113356590271;0.3455909490585327
0.10503489524126053;0.9428975582122803;0.8922495245933533;0.9104477763175964;0.8556700944900513;0.26895591616630554;0.884688138961792;0.9283581972122192;0.8041236996650696;0.279619038105011
0.0960090160369873;0.9440773725509644;0.8941398859024048;0.937313437461853;0.8144329786300659;0.3035150468349457;0.8733459711074829;0.9462686777114868;0.7422680258750916;0.33566713333129883
0.09294822812080383;0.9502123594284058;0.8865785002708435;0.9014925360679626;0.8556700944900513;0.2599819302558899;0.880907416343689;0.904477596282959;0.8350515365600586;0.25832533836364746
0.09547293931245804;0.9480887055397034;0.880907416343689;0.9134328365325928;0.8195875883102417;0.29053083062171936;0.8865785002708435;0.9313433170318604;0.8041236996650696;0.2826623022556305
0.09486241638660431;0.9516280889511108;0.8865785002708435;0.9402984976768494;0.7886597514152527;0.31810182332992554;0.8601134419441223;0.9552239179611206;0.6907216310501099;0.36493396759033203
0.10015387088060379;0.9440773725509644;0.8827977776527405;0.89552241563797;0.8556700944900513;0.26534104347229004;0.8733459711074829;0.9074627161026001;0.8092783093452454;0.26604148745536804
0.09505367279052734;0.9483246803283691;0.8790170550346375;0.9104477763175964;0.8195875883102417;0.2912822961807251;0.8714556097984314;0.9223880767822266;0.7783504724502563;0.28604087233543396
0.10059026628732681;0.9424256682395935;0.884688138961792;0.9164178967475891;0.8247422575950623;0.30637070536613464;0.884688138961792;0.9343283772468567;0.7938144207000732;0.2897804379463196
0.09956535696983337;0.9450212121009827;0.8771266937255859;0.9014925360679626;0.829896867275238;0.29377374053001404;0.8941398859024048;0.937313437461853;0.8144329786300659;0.2492179423570633
0.08866358548402786;0.9504482746124268;0.880907416343689;0.8925372958183289;0.8556700944900513;0.26361343264579773;0.8922495245933533;0.9134328365325928;0.8505154252052307;0.23465225100517273
0.09402558207511902;0.9513921737670898;0.8903591632843018;0.9194030165672302;0.8350515365600586;0.2731228768825531;0.8884688019752502;0.9402984976768494;0.7938144207000732;0.25637921690940857
0.10586206614971161;0.9417177438735962;0.8960302472114563;0.9164178967475891;0.8556700944900513;0.2577972710132599;0.8865785002708435;0.9194030165672302;0.8247422575950623;0.2679554522037506
0.09883052855730057;0.9469088912010193;0.8752363324165344;0.8686566948890686;0.8814432621002197;0.24859245121479034;0.8771266937255859;0.874626874923706;0.876288652420044;0.25021347403526306
0.0982087105512619;0.9476167559623718;0.8865785002708435;0.8835821151733398;0.8865979313850403;0.25471821427345276;0.8714556097984314;0.8776119351387024;0.8556700944900513;0.2674986720085144
0.10283944010734558;0.9433695077896118;0.884688138961792;0.8895522356033325;0.8711339831352234;0.24072961509227753;0.8865785002708435;0.9074627161026001;0.8453608155250549;0.23040488362312317
0.09903261065483093;0.945965051651001;0.8790170550346375;0.9253731369972229;0.7938144207000732;0.30111032724380493;0.8827977776527405;0.9492537379264832;0.7628865838050842;0.3037843108177185
0.08900173753499985;0.9492685198783875;0.8922495245933533;0.9253731369972229;0.829896867275238;0.267348974943161;0.8865785002708435;0.9283581972122192;0.8092783093452454;0.28350630402565
0.09110802412033081;0.9513921737670898;0.8903591632843018;0.9104477763175964;0.8505154252052307;0.25746676325798035;0.8865785002708435;0.9223880767822266;0.8195875883102417;0.25491344928741455
0.08179921656847;0.953987717628479;0.8865785002708435;0.9402984976768494;0.7886597514152527;0.3130001425743103;0.8714556097984314;0.937313437461853;0.7525773048400879;0.3506423234939575
0.09959200024604797;0.9473808407783508;0.8922495245933533;0.9104477763175964;0.8556700944900513;0.2593475580215454;0.8790170550346375;0.9104477763175964;0.8195875883102417;0.2507500946521759
0.08525729179382324;0.9554034471511841;0.880907416343689;0.89552241563797;0.8505154252052307;0.26835548877716064;0.8922495245933533;0.9283581972122192;0.8247422575950623;0.24632935225963593
0.08560442924499512;0.9530438780784607;0.8714556097984314;0.9343283772468567;0.7577319145202637;0.3371097445487976;0.8695652484893799;0.9492537379264832;0.7268040776252747;0.3446338176727295
0.08900860697031021;0.94997638463974;0.8903591632843018;0.9343283772468567;0.8092783093452454;0.2937827706336975;0.8941398859024048;0.9552239179611206;0.7835051417350769;0.279987633228302
0.08580022305250168;0.9511561989784241;0.8998109698295593;0.9194030165672302;0.860824704170227;0.2518579959869385;0.8884688019752502;0.9283581972122192;0.8144329786300659;0.2552138864994049
0.09328879415988922;0.9492685198783875;0.8827977776527405;0.8925372958183289;0.860824704170227;0.26769331097602844;0.8827977776527405;0.9194030165672302;0.8144329786300659;0.25523704290390015
0.10037717968225479;0.9450212121009827;0.8790170550346375;0.874626874923706;0.8814432621002197;0.2595272660255432;0.8884688019752502;0.9134328365325928;0.8402061462402344;0.23584599792957306
0.08620908856391907;0.9523360133171082;0.8903591632843018;0.9253731369972229;0.8247422575950623;0.2826777994632721;0.884688138961792;0.9402984976768494;0.7835051417350769;0.29304343461990356
0.08466633409261703;0.9535157680511475;0.8998109698295593;0.9164178967475891;0.8659793734550476;0.24336500465869904;0.8827977776527405;0.9194030165672302;0.8144329786300659;0.25642555952072144
0.0901411771774292;0.9490325450897217;0.8903591632843018;0.9253731369972229;0.8247422575950623;0.28075119853019714;0.8865785002708435;0.9462686777114868;0.7783504724502563;0.3074275255203247
0.09810395538806915;0.945965051651001;0.8979206085205078;0.9253731369972229;0.8453608155250549;0.2713542878627777;0.8903591632843018;0.9522387981414795;0.7783504724502563;0.2947551906108856
0.09326522797346115;0.9490325450897217;0.884688138961792;0.9104477763175964;0.8350515365600586;0.27139970660209656;0.8979206085205078;0.937313437461853;0.8247422575950623;0.24483004212379456
0.08809354156255722;0.9502123594284058;0.884688138961792;0.9104477763175964;0.8350515365600586;0.2807685434818268;0.8714556097984314;0.9074627161026001;0.8041236996650696;0.29731544852256775
0.08873564004898071;0.9504482746124268;0.8960302472114563;0.9134328365325928;0.860824704170227;0.25368669629096985;0.880907416343689;0.9074627161026001;0.829896867275238;0.2788093090057373
0.08616593480110168;0.9528079032897949;0.8790170550346375;0.9522387981414795;0.7474226355552673;0.35084494948387146;0.8752363324165344;0.9522387981414795;0.737113356590271;0.3793346583843231
0.08386439830064774;0.9561113715171814;0.8865785002708435;0.9074627161026001;0.8453608155250549;0.27508872747421265;0.8790170550346375;0.9253731369972229;0.7938144207000732;0.28841549158096313
0.08295272290706635;0.9506842494010925;0.8752363324165344;0.9134328365325928;0.8041236996650696;0.30243515968322754;0.8884688019752502;0.9402984976768494;0.7938144207000732;0.2802284359931946
0.08390207588672638;0.9530438780784607;0.8638941645622253;0.8507462739944458;0.8814432621002197;0.26345276832580566;0.8695652484893799;0.8656716346740723;0.8711339831352234;0.25291770696640015
0.0841103196144104;0.9549315571784973;0.8865785002708435;0.9194030165672302;0.8247422575950623;0.2929360568523407;0.8960302472114563;0.9462686777114868;0.8041236996650696;0.2604360580444336
0.07923358678817749;0.9575271010398865;0.8752363324165344;0.8716418147087097;0.876288652420044;0.27270978689193726;0.884688138961792;0.9014925360679626;0.8505154252052307;0.24550789594650269
0.08647308498620987;0.9516280889511108;0.8790170550346375;0.9104477763175964;0.8195875883102417;0.29823073744773865;0.8903591632843018;0.9343283772468567;0.8092783093452454;0.2576059103012085
0.0863414779305458;0.9556394219398499;0.884688138961792;0.8865671753883362;0.876288652420044;0.26437556743621826;0.8790170550346375;0.89552241563797;0.8453608155250549;0.25581008195877075
0.08210954815149307;0.9563472867012024;0.8827977776527405;0.9313433170318604;0.7938144207000732;0.3098554015159607;0.884688138961792;0.9492537379264832;0.76804119348526;0.29739755392074585
0.08030304312705994;0.9532798528671265;0.880907416343689;0.9223880767822266;0.8041236996650696;0.3093723654747009;0.8903591632843018;0.9462686777114868;0.7886597514152527;0.26691028475761414
0.08762439340353012;0.9521000385284424;0.8979206085205078;0.9462686777114868;0.8092783093452454;0.29911476373672485;0.880907416343689;0.9492537379264832;0.7577319145202637;0.2935432195663452
0.08094657212495804;0.9568192362785339;0.884688138961792;0.9223880767822266;0.8144329786300659;0.29213014245033264;0.8827977776527405;0.9343283772468567;0.7886597514152527;0.30151697993278503
0.08996506035327911;0.9513921737670898;0.8865785002708435;0.9104477763175964;0.8402061462402344;0.2424667775630951;0.8827977776527405;0.9194030165672302;0.8144329786300659;0.2502783536911011
0.09265445917844772;0.9483246803283691;0.8884688019752502;0.9343283772468567;0.8041236996650696;0.30511540174484253;0.8714556097984314;0.9253731369972229;0.7731958627700806;0.3180285692214966
0.07900073379278183;0.9568192362785339;0.884688138961792;0.9074627161026001;0.8402061462402344;0.26414036750793457;0.8941398859024048;0.9313433170318604;0.8247422575950623;0.2586328089237213
0.07881950587034225;0.9587069153785706;0.8827977776527405;0.9104477763175964;0.829896867275238;0.3039758503437042;0.8865785002708435;0.9313433170318604;0.8041236996650696;0.2772197425365448
0.09604118019342422;0.9462010264396667;0.884688138961792;0.89552241563797;0.860824704170227;0.24925734102725983;0.8714556097984314;0.8865671753883362;0.8402061462402344;0.2719891369342804
0.07961572706699371;0.9556394219398499;0.8922495245933533;0.9014925360679626;0.8711339831352234;0.2533528506755829;0.8922495245933533;0.9134328365325928;0.8505154252052307;0.24528034031391144
0.07917045056819916;0.9584709405899048;0.8827977776527405;0.9074627161026001;0.8350515365600586;0.27625128626823425;0.8752363324165344;0.9164178967475891;0.798969030380249;0.26803383231163025
0.08370248973369598;0.9546955823898315;0.8865785002708435;0.9194030165672302;0.8247422575950623;0.27405276894569397;0.8884688019752502;0.9313433170318604;0.8092783093452454;0.27090519666671753
0.07283229380846024;0.9594147801399231;0.8865785002708435;0.9104477763175964;0.8402061462402344;0.27456843852996826;0.8884688019752502;0.9223880767822266;0.8247422575950623;0.26509445905685425
0.0754537582397461;0.9601227045059204;0.8998109698295593;0.9134328365325928;0.8711339831352234;0.2409236878156662;0.8922495245933533;0.9104477763175964;0.8556700944900513;0.24014048278331757
0.07845955342054367;0.9568192362785339;0.8941398859024048;0.9223880767822266;0.8402061462402344;0.2702568471431732;0.8922495245933533;0.9343283772468567;0.8144329786300659;0.25449904799461365
0.07964169234037399;0.9556394219398499;0.8865785002708435;0.9283581972122192;0.8092783093452454;0.28201690316200256;0.884688138961792;0.9402984976768494;0.7835051417350769;0.29519182443618774
0.08030548691749573;0.9568192362785339;0.8979206085205078;0.9134328365325928;0.8659793734550476;0.23792769014835358;0.8922495245933533;0.9134328365325928;0.8505154252052307;0.2386995553970337
0.07843568176031113;0.9577630758285522;0.8941398859024048;0.9283581972122192;0.829896867275238;0.2789843678474426;0.8865785002708435;0.9343283772468567;0.798969030380249;0.27951449155807495
0.07766835391521454;0.9544596076011658;0.8960302472114563;0.9194030165672302;0.8505154252052307;0.2452777773141861;0.8827977776527405;0.9134328365325928;0.8247422575950623;0.2548004984855652
0.07907398790121078;0.9561113715171814;0.8865785002708435;0.8985074758529663;0.860824704170227;0.2613550126552582;0.8827977776527405;0.904477596282959;0.8402061462402344;0.24752433598041534
0.0730322003364563;0.9587069153785706;0.8752363324165344;0.8865671753883362;0.8505154252052307;0.25605469942092896;0.880907416343689;0.8985074758529663;0.8453608155250549;0.24363164603710175
0.07419952750205994;0.9596507549285889;0.8752363324165344;0.8865671753883362;0.8505154252052307;0.2827776372432709;0.8733459711074829;0.8895522356033325;0.8402061462402344;0.2631276845932007
0.09604223817586899;0.9492685198783875;0.8771266937255859;0.8626865744590759;0.8969072103500366;0.24972252547740936;0.8771266937255859;0.8805969953536987;0.8659793734550476;0.25210317969322205
0.07928923517465591;0.9556394219398499;0.8884688019752502;0.9164178967475891;0.8350515365600586;0.2730908691883087;0.8903591632843018;0.937313437461853;0.8041236996650696;0.27112075686454773
0.08709325641393661;0.953987717628479;0.8922495245933533;0.9074627161026001;0.860824704170227;0.2527849078178406;0.8922495245933533;0.9253731369972229;0.829896867275238;0.2539055049419403
0.0720037892460823;0.9594147801399231;0.8903591632843018;0.9164178967475891;0.8402061462402344;0.282233864068985;0.8941398859024048;0.9313433170318604;0.8247422575950623;0.26302748918533325
0.07367192953824997;0.9598867297172546;0.8903591632843018;0.9134328365325928;0.8453608155250549;0.2763587534427643;0.8941398859024048;0.9343283772468567;0.8195875883102417;0.2586962580680847
0.07826128602027893;0.957999050617218;0.880907416343689;0.9164178967475891;0.8144329786300659;0.29816943407058716;0.8998109698295593;0.9462686777114868;0.8144329786300659;0.2524259090423584
0.07161198556423187;0.9605945944786072;0.8790170550346375;0.9134328365325928;0.8144329786300659;0.28792324662208557;0.8922495245933533;0.9283581972122192;0.8247422575950623;0.24390871822834015
0.06809935718774796;0.962246298789978;0.8922495245933533;0.9194030165672302;0.8402061462402344;0.26343798637390137;0.8827977776527405;0.9223880767822266;0.8092783093452454;0.24836322665214539
0.06539774686098099;0.9610665440559387;0.8865785002708435;0.904477596282959;0.8505154252052307;0.2841929793357849;0.8903591632843018;0.9194030165672302;0.8350515365600586;0.2500211298465729
0.0822482481598854;0.9521000385284424;0.8865785002708435;0.904477596282959;0.8505154252052307;0.26944443583488464;0.8998109698295593;0.9313433170318604;0.8402061462402344;0.24531443417072296
0.07228381186723709;0.9584709405899048;0.8790170550346375;0.8895522356033325;0.8556700944900513;0.27335354685783386;0.8960302472114563;0.9194030165672302;0.8505154252052307;0.24368196725845337
0.07937489449977875;0.9572911262512207;0.8790170550346375;0.9223880767822266;0.798969030380249;0.29229316115379333;0.8922495245933533;0.9432836174964905;0.798969030380249;0.30656588077545166
0.07077698409557343;0.9605945944786072;0.8752363324165344;0.8776119351387024;0.8659793734550476;0.27569127082824707;0.8752363324165344;0.8985074758529663;0.829896867275238;0.26723000407218933
0.07817604392766953;0.9551675319671631;0.884688138961792;0.904477596282959;0.8453608155250549;0.2687506079673767;0.8827977776527405;0.9194030165672302;0.8144329786300659;0.25705650448799133
0.07562003284692764;0.9584709405899048;0.8903591632843018;0.9134328365325928;0.8453608155250549;0.264198362827301;0.8922495245933533;0.9343283772468567;0.8144329786300659;0.25834405422210693
0.07871974259614944;0.9572911262512207;0.8695652484893799;0.9104477763175964;0.7938144207000732;0.3261373043060303;0.884688138961792;0.9253731369972229;0.8092783093452454;0.3077276051044464
0.07867924124002457;0.9570552110671997;0.8884688019752502;0.9194030165672302;0.829896867275238;0.2787835896015167;0.8979206085205078;0.9462686777114868;0.8092783093452454;0.2688506543636322
0.06988052278757095;0.9598867297172546;0.884688138961792;0.9283581972122192;0.8041236996650696;0.3016282916069031;0.880907416343689;0.9462686777114868;0.7628865838050842;0.33942288160324097
0.08199509978294373;0.9537517428398132;0.8790170550346375;0.9164178967475891;0.8092783093452454;0.2945517599582672;0.8884688019752502;0.9462686777114868;0.7835051417350769;0.29410800337791443
0.06757329404354095;0.962246298789978;0.8998109698295593;0.9253731369972229;0.8505154252052307;0.2714332044124603;0.8960302472114563;0.9402984976768494;0.8144329786300659;0.27800819277763367
0.06973592936992645;0.962246298789978;0.8922495245933533;0.9134328365325928;0.8505154252052307;0.27237510681152344;0.9017013311386108;0.937313437461853;0.8350515365600586;0.24532689154148102
0.07628808915615082;0.9587069153785706;0.8752363324165344;0.9014925360679626;0.8247422575950623;0.2947838306427002;0.8903591632843018;0.9343283772468567;0.8092783093452454;0.3195285201072693
0.08094004541635513;0.9554034471511841;0.8733459711074829;0.8686566948890686;0.876288652420044;0.25857439637184143;0.8771266937255859;0.8835821151733398;0.860824704170227;0.2680498957633972
0.075486920773983;0.9568192362785339;0.8922495245933533;0.9074627161026001;0.860824704170227;0.25269806385040283;0.8960302472114563;0.9253731369972229;0.8402061462402344;0.25036418437957764
