,site,length,neff
0,1a5t_A_Zn_3064_OK,324,10.100000381469727
1,1a6f_A_Zn_952_OK,113,8.800000190734863
2,1a6f_A_Zn_953_OK,113,8.800000190734863
3,1a7t_B_Zn_3506_OK,227,9.800000190734863
4,1a7t_B_Zn_3507_OK,227,9.800000190734863
5,1a8h_A_Zn_4103_OK,500,10.800000190734863
6,1aaf_A_Zn_893_OK,55,11.0
7,1ajy_A_Zn_2293_OK,71,14.300000190734863
8,1ajy_A_Zn_2294_OK,71,14.300000190734863
9,1ajy_B_Zn_2295_OK,71,14.300000190734863
10,1ajy_B_Zn_2296_OK,71,14.300000190734863
11,1alj_A_Zn_6561_OK,446,7.5
12,1b1b_A_Zn_1303_OK,140,9.899999618530273
13,1b4t_A_Zn_1105_OK,153,9.0
14,1b57_B_Zn_5268_OK,346,6.599999904632568
15,1b8j_B_Zn_6629_OK,448,7.400000095367432
16,1b8j_B_Zn_6630_OK,448,7.400000095367432
17,1bbo_A_Zn_963_OK,56,11.899999618530273
18,1bor_A_Zn_424_OK,56,12.300000190734863
19,1bpm_A_Zn_3674_OK,481,7.800000190734863
20,1btg_B_Zn_2512_OK,109,5.800000190734863
21,1btg_C_Zn_2513_OK,109,5.800000190734863
22,1btg_C_Zn_2514_OK,109,5.800000190734863
23,1ces_B_Zn_3413_OK,225,8.600000381469727
24,1cl4_A_Zn_493_OK,32,3.700000047683716
25,1co4_A_Zn_591_OK,42,4.199999809265137
26,1cz0_A_Zn_3352_OK,162,1.0
27,1cz0_B_Zn_3353_OK,162,1.0
28,1d0q_A_Zn_1585_OK,102,10.100000381469727
29,1d8w_D_Zn_12882_OK,403,7.300000190734863
30,1d9d_A_Zn_4862_OK,601,10.300000190734863
31,1de6_D_Zn_13291_OK,416,7.099999904632568
32,1dk4_B_Zn_4047_OK,252,10.0
33,1dk4_B_Zn_4048_OK,252,9.899999618530273
34,1dk4_B_Zn_4049_OK,252,10.0
35,1dos_A_Zn_6967_OK,358,6.699999809265137
36,1dos_B_Zn_6971_OK,358,6.699999809265137
37,1dsv_A_Zn_488_OK,31,3.799999952316284
38,1dy1_A_Zn_1422_OK,183,7.699999809265137
39,1e1h_A_Zn_6465_OK,235,7.0
40,1e1h_A_Zn_6466_OK,235,7.0
41,1e1h_B_Zn_6465_OK,164,3.299999952316284
42,1e1h_C_Zn_6465_OK,235,7.0
43,1e1h_C_Zn_6466_OK,235,7.0
44,1e1h_D_Zn_6466_OK,165,3.299999952316284
45,1eb6_A_Zn_1382_OK,177,10.0
46,1ef0_B_Zn_6480_OK,394,10.899999618530273
47,1eh7_A_Zn_1234_OK,161,8.600000381469727
48,1ej6_C_Zn_34492_OK,1221,3.0999999046325684
49,1en7_B_Zn_2549_OK,157,6.0
50,1enr_A_Zn_1826_OK,237,8.699999809265137
51,1eu4_A_Zn_1668_OK,204,5.400000095367432
52,1eu4_A_Zn_1669_OK,204,5.300000190734863
53,1f0j_A_Zn_5557_OK,351,8.600000381469727
54,1f5f_A_Zn_1369_OK,172,10.899999618530273
55,1fbx_N_Zn_26023_OK,221,5.800000190734863
56,1fn9_B_Zn_5768_OK,365,3.0999999046325684
57,1fre_A_Zn_315_OK,39,11.899999618530273
58,1ft7_A_Zn_2213_OK,291,10.0
59,1ft7_A_Zn_2214_OK,291,10.0
60,1fv5_A_Zn_550_OK,36,6.5
61,1fwq_A_Zn_1802_OK,115,6.900000095367432
62,1fwz_A_Zn_1588_OK,210,9.600000381469727
63,1g7a_B_Zn_3303_OK,30,4.599999904632568
64,1g7a_B_Zn_3304_OK,30,4.599999904632568
65,1gax_A_Zn_17151_OK,862,9.699999809265137
66,1gax_A_Zn_17152_OK,862,9.699999809265137
67,1ge7_A_Zn_2556_OK,167,9.699999809265137
68,1gvf_B_Zn_4308_OK,275,7.400000095367432
69,1gx1_B_Zn_3582_OK,157,5.599999904632568
70,1gx1_C_Zn_3614_OK,157,5.599999904632568
71,1h7o_A_Zn_2684_OK,341,5.699999809265137
72,1hi9_A_Zn_10576_OK,274,6.599999904632568
73,1hi9_A_Zn_10577_OK,274,6.599999904632568
74,1hqr_B_Zn_4543_OK,180,10.199999809265137
75,1hqr_D_Zn_4543_OK,206,5.099999904632568
76,1i0d_A_Zn_5097_OK,331,9.199999809265137
77,1i1i_P_Zn_5351_OK,665,10.199999809265137
78,1i4r_A_Zn_1909_OK,234,5.699999809265137
79,1irx_A_Zn_8506_OK,507,9.100000381469727
80,1irx_B_Zn_8507_OK,508,9.0
81,1j73_B_Zn_815_OK,30,4.599999904632568
82,1jiw_I_Zn_4300_OK,105,7.400000095367432
83,1jiw_P_Zn_4300_OK,470,9.199999809265137
84,1jjd_A_Zn_690_OK,52,4.599999904632568
85,1jjd_A_Zn_691_OK,52,4.599999904632568
86,1jjd_A_Zn_692_OK,52,4.599999904632568
87,1jjd_A_Zn_693_OK,52,4.599999904632568
88,1jm7_B_Zn_3163_OK,97,11.600000381469727
89,1jvi_A_Zn_1227_OK,153,4.800000190734863
90,1jwb_B_Zn_2406_OK,240,10.699999809265137
91,1k6y_D_Zn_5950_OK,189,12.0
92,1kae_A_Zn_6497_OK,434,6.5
93,1kae_A_Zn_6570_OK,434,6.5
94,1kae_B_Zn_6497_OK,434,6.5
95,1kae_B_Zn_6570_OK,434,6.5
96,1kbe_A_Zn_778_OK,49,8.600000381469727
97,1kbe_A_Zn_779_OK,49,8.600000381469727
98,1kfs_A_Zn_4820_OK,601,10.300000190734863
99,1kh9_B_Zn_6530_OK,444,7.5
100,1kh9_B_Zn_6531_OK,444,7.5
101,1khj_B_Zn_6525_OK,444,7.5
102,1khj_B_Zn_6526_OK,444,7.5
103,1l1o_C_Zn_6574_OK,173,9.399999618530273
104,1l2d_A_Zn_2444_OK,259,8.300000190734863
105,1lbu_A_Zn_1565_OK,213,10.899999618530273
106,1ldk_C_Zn_7927_OK,88,9.899999618530273
107,1llm_C_Zn_2013_OK,87,11.5
108,1lml_A_Zn_3527_OK,465,8.0
109,1lpv_A_Zn_863_OK,52,6.0
110,1lpv_A_Zn_864_OK,52,6.0
111,1lr5_C_Zn_5290_OK,160,9.100000381469727
112,1lt8_B_Zn_5369_OK,340,8.399999618530273
113,1m36_A_Zn_576_OK,33,7.400000095367432
114,1m4m_A_Zn_930_OK,112,7.900000095367432
115,1m55_A_Zn_3163_OK,193,5.199999809265137
116,1m65_A_Zn_1808_OK,234,10.899999618530273
117,1m7j_A_Zn_3591_OK,474,11.699999809265137
118,1m7j_A_Zn_3592_OK,474,11.699999809265137
119,1med_A_Zn_392_OK,28,4.5
120,1mey_G_Zn_2646_OK,28,15.300000190734863
121,1mfm_A_Zn_1154_OK,153,8.899999618530273
122,1mgo_B_Zn_5609_OK,374,11.100000381469727
123,1mgo_B_Zn_5610_OK,374,11.100000381469727
124,1mr1_D_Zn_4672_OK,96,5.300000190734863
125,1mwz_A_Zn_1102_OK,73,12.699999809265137
126,1n36_D_Zn_51700_OK,208,7.599999904632568
127,1n36_N_Zn_51701_OK,60,6.400000095367432
128,1ncp_C_Zn_535_OK,18,10.100000381469727
129,1ncp_N_Zn_535_OK,17,11.399999618530273
130,1ndz_A_Zn_2790_OK,349,9.399999618530273
131,1nee_A_Zn_2205_OK,135,6.900000095367432
132,1no5_A_Zn_1656_OK,100,10.5
133,1no5_A_Zn_1657_OK,100,10.5
134,1no5_A_Zn_1658_OK,100,10.5
135,1nui_A_Zn_3766_OK,242,10.899999618530273
136,1o1r_B_Zn_5836_OK,401,9.100000381469727
137,1o7d_A_Zn_7152_OK,292,8.699999809265137
138,1o7d_C_Zn_7152_OK,151,10.300000190734863
139,1ocy_A_Zn_1585_OK,198,8.699999809265137
140,1odg_A_Zn_1594_OK,134,7.199999809265137
141,1odh_A_Zn_1808_OK,158,6.199999809265137
142,1odh_A_Zn_1809_OK,158,6.099999904632568
143,1oek_A_Zn_1517_OK,185,6.099999904632568
144,1ojr_A_Zn_2237_OK,274,7.599999904632568
145,1olp_C_Zn_11928_OK,370,8.0
146,1ons_A_Zn_2168_OK,278,8.300000190734863
147,1oqj_A_Zn_1411_OK,90,5.800000190734863
148,1os4_B_Zn_2272_OK,29,4.5
149,1os4_D_Zn_2273_OK,28,4.5
150,1os4_F_Zn_2272_OK,28,4.5
151,1os4_H_Zn_2273_OK,28,4.5
152,1os4_J_Zn_2272_OK,28,4.5
153,1os4_L_Zn_2273_OK,28,4.5
154,1ox7_B_Zn_2463_OK,161,8.699999809265137
155,1oyy_A_Zn_4039_OK,512,10.199999809265137
156,1p5x_A_Zn_2015_OK,245,8.399999618530273
157,1p5x_A_Zn_2016_OK,245,8.399999618530273
158,1p5x_A_Zn_2017_OK,245,8.399999618530273
159,1p6b_A_Zn_5058_OK,329,9.300000190734863
160,1p6b_A_Zn_5059_OK,329,9.300000190734863
161,1p6b_A_Zn_5060_OK,329,9.300000190734863
162,1p6m_A_Zn_6513_OK,404,4.599999904632568
163,1p6m_B_Zn_6513_OK,402,4.5
164,1p7p_A_Zn_4378_OK,545,10.5
165,1p91_B_Zn_4212_OK,258,10.100000381469727
166,1p9e_B_Zn_4414_OK,294,9.300000190734863
167,1p9w_A_Zn_2979_OK,384,9.199999809265137
168,1pd1_A_Zn_5895_OK,735,9.199999809265137
169,1pmi_A_Zn_3433_OK,440,8.5
170,1poj_A_Zn_5739_OK,387,11.600000381469727
171,1poj_A_Zn_5740_OK,387,11.600000381469727
172,1ptm_A_Zn_4862_OK,329,7.099999904632568
173,1ptm_A_Zn_4868_OK,329,7.099999904632568
174,1ptm_B_Zn_4862_OK,328,7.099999904632568
175,1ptm_B_Zn_4868_OK,328,7.099999904632568
176,1pzw_A_Zn_644_OK,80,9.5
177,1q0a_B_Zn_1457_OK,89,9.600000381469727
178,1q0a_B_Zn_1458_OK,89,9.600000381469727
179,1q69_A_Zn_768_OK,19,2.0999999046325684
180,1q69_B_Zn_768_OK,29,2.0
181,1q7l_A_Zn_4451_OK,192,10.100000381469727
182,1q7l_A_Zn_4452_OK,192,10.100000381469727
183,1q7l_B_Zn_4452_OK,88,9.800000190734863
184,1qh3_B_Zn_4073_OK,260,9.5
185,1qh3_B_Zn_4074_OK,260,9.5
186,1qhw_A_Zn_2416_OK,300,12.100000381469727
187,1qin_A_Zn_2803_OK,176,11.100000381469727
188,1qin_A_Zn_2835_OK,176,11.100000381469727
189,1qin_B_Zn_2803_OK,176,11.100000381469727
190,1qin_B_Zn_2835_OK,176,11.100000381469727
191,1qmd_A_Zn_6031_OK,370,7.699999809265137
192,1qmd_A_Zn_6032_OK,370,7.699999809265137
193,1qp9_B_Zn_4022_OK,74,14.399999618530273
194,1qp9_D_Zn_4022_OK,75,14.100000381469727
195,1qtw_A_Zn_4400_OK,285,11.399999618530273
196,1qtw_A_Zn_4401_OK,285,11.399999618530273
197,1qtw_A_Zn_4402_OK,285,11.399999618530273
198,1qx0_A_Zn_2808_OK,289,7.300000190734863
199,1qx1_A_Zn_8449_OK,1014,9.600000381469727
200,1r22_A_Zn_1508_OK,93,9.699999809265137
201,1r22_B_Zn_1508_OK,97,9.399999618530273
202,1r23_A_Zn_1589_OK,104,10.0
203,1r23_B_Zn_1589_OK,97,10.199999809265137
204,1r44_B_Zn_9914_OK,202,7.800000190734863
205,1r5x_A_Zn_1653_OK,103,8.899999618530273
206,1r61_B_Zn_3283_OK,205,8.5
207,1r6o_B_Zn_3808_OK,141,11.399999618530273
208,1rjq_A_Zn_3596_OK,474,11.800000190734863
209,1rk5_A_Zn_3596_OK,474,11.800000190734863
210,1rk6_A_Zn_3605_OK,474,11.699999809265137
211,1rmd_A_Zn_913_OK,116,11.100000381469727
212,1rmd_A_Zn_914_OK,116,11.100000381469727
213,1rmd_A_Zn_916_OK,116,11.100000381469727
214,1ro2_A_Zn_1705_OK,210,9.0
215,1ro6_A_Zn_5547_OK,344,8.699999809265137
216,1rut_X_Zn_1254_OK,157,11.300000190734863
217,1rut_X_Zn_1255_OK,157,11.300000190734863
218,1ryq_A_Zn_491_OK,64,4.599999904632568
219,1s3g_A_Zn_1686_OK,217,9.300000190734863
220,1smp_A_Zn_4309_OK,468,9.5
221,1smp_I_Zn_4309_OK,100,7.5
222,1smy_D_Zn_53709_OK,1392,7.5
223,1sp1_A_Zn_505_OK,29,15.0
224,1su1_D_Zn_5680_OK,182,10.699999809265137
225,1su1_D_Zn_5681_OK,182,10.699999809265137
226,1sv2_B_Zn_2700_OK,172,7.5
227,1sx1_A_Zn_335_OK,22,12.800000190734863
228,1sxt_A_Zn_3641_OK,224,5.300000190734863
229,1sxt_B_Zn_3641_OK,220,5.199999809265137
230,1t0a_A_Zn_3559_OK,158,5.5
231,1t0a_C_Zn_3587_OK,158,5.5
232,1t2t_A_Zn_1628_OK,96,7.699999809265137
233,1t3k_A_Zn_2060_OK,132,10.300000190734863
234,1t4w_A_Zn_1654_OK,196,4.199999809265137
235,1t8h_A_Zn_2098_OK,272,7.800000190734863
236,1t9r_A_Zn_2452_OK,301,8.800000190734863
237,1ta9_A_Zn_5938_OK,391,9.199999809265137
238,1tf6_D_Zn_5501_OK,182,11.600000381469727
239,1thj_A_Zn_4834_OK,213,8.0
240,1thj_A_Zn_4835_OK,213,8.0
241,1thj_B_Zn_4835_OK,213,8.0
242,1thj_C_Zn_4834_OK,213,8.0
243,1txl_A_Zn_1539_OK,188,6.099999904632568
244,1u10_C_Zn_11237_OK,241,6.900000095367432
245,1u1h_A_Zn_5786_OK,747,8.399999618530273
246,1u2n_A_Zn_1568_OK,100,7.699999809265137
247,1u2n_A_Zn_1569_OK,100,7.699999809265137
248,1u2n_A_Zn_1570_OK,100,7.699999809265137
249,1u2w_A_Zn_3156_OK,105,8.899999618530273
250,1u2w_A_Zn_3157_OK,105,8.899999618530273
251,1u2w_B_Zn_3156_OK,107,9.800000190734863
252,1u2w_B_Zn_3157_OK,107,9.800000190734863
253,1u3l_A_Zn_1160_OK,155,5.599999904632568
254,1u5k_B_Zn_3590_OK,232,9.399999618530273
255,1u6g_B_Zn_15496_OK,88,9.800000190734863
256,1u8b_A_Zn_1725_OK,131,9.300000190734863
257,1ul4_A_Zn_1328_OK,81,6.0
258,1ul4_A_Zn_1329_OK,81,6.0
259,1un6_B_Zn_4524_OK,87,13.0
260,1un6_C_Zn_4530_OK,87,12.899999618530273
261,1uns_A_Zn_1896_OK,236,5.699999809265137
262,1urb_A_Zn_6565_OK,446,7.5
263,1urj_B_Zn_15701_OK,1031,4.599999904632568
264,1v0d_A_Zn_1938_OK,245,4.0
265,1v47_B_Zn_5420_OK,343,7.599999904632568
266,1v4p_A_Zn_3728_OK,151,10.0
267,1v5n_A_Zn_1358_OK,89,9.399999618530273
268,1vag_A_Zn_3420_OK,420,4.400000095367432
269,1vhe_A_Zn_2777_OK,365,9.300000190734863
270,1vk9_A_Zn_1155_OK,147,5.300000190734863
271,1vkg_A_Zn_10801_OK,348,7.900000095367432
272,1vyx_A_Zn_915_OK,60,9.600000381469727
273,1vyx_A_Zn_916_OK,60,9.600000381469727
274,1vzy_A_Zn_4385_OK,290,8.100000381469727
275,1w4r_B_Zn_10329_OK,167,8.5
276,1w7v_B_Zn_14096_OK,438,9.800000190734863
277,1wd2_A_Zn_930_OK,60,9.600000381469727
278,1wee_A_Zn_1016_OK,72,10.5
279,1wee_A_Zn_1017_OK,72,10.5
280,1wen_A_Zn_1000_OK,71,9.699999809265137
281,1weo_A_Zn_1344_OK,93,6.099999904632568
282,1weo_A_Zn_1345_OK,93,6.099999904632568
283,1weq_A_Zn_1240_OK,85,6.0
284,1weq_A_Zn_1241_OK,85,6.0
285,1wfh_A_Zn_895_OK,64,6.0
286,1wii_A_Zn_1251_OK,85,6.5
287,1wil_A_Zn_1276_OK,89,4.5
288,1wil_A_Zn_1277_OK,89,4.5
289,1wim_A_Zn_1405_OK,94,10.5
290,1wim_A_Zn_1406_OK,94,10.5
291,1wir_A_Zn_1883_OK,121,6.5
292,1wjp_A_Zn_1629_OK,107,10.100000381469727
293,1wjp_A_Zn_1630_OK,107,10.100000381469727
294,1wjp_A_Zn_1631_OK,107,9.899999618530273
295,1wjv_A_Zn_1123_OK,79,5.300000190734863
296,1wjv_A_Zn_1124_OK,79,5.300000190734863
297,1wn5_B_Zn_3610_OK,125,8.600000381469727
298,1wo7_A_Zn_373_OK,25,1.0
299,1woy_A_Zn_4102_OK,500,10.699999809265137
300,1wpp_B_Zn_4785_OK,310,9.300000190734863
301,1wpp_B_Zn_4786_OK,310,9.300000190734863
302,1wy2_A_Zn_5518_OK,351,10.600000381469727
303,1wy2_A_Zn_5519_OK,351,10.600000381469727
304,1x3c_A_Zn_1099_OK,73,4.599999904632568
305,1x6f_A_Zn_1369_OK,88,4.300000190734863
306,1x6m_B_Zn_5947_OK,196,8.5
307,1xa8_C_Zn_5998_OK,194,8.600000381469727
308,1xaf_A_Zn_3691_OK,242,7.699999809265137
309,1xcr_A_Zn_4863_OK,313,5.599999904632568
310,1xer_A_Zn_772_OK,102,11.199999809265137
311,1xfo_A_Zn_10519_OK,346,9.199999809265137
312,1xfo_A_Zn_10520_OK,346,9.199999809265137
313,1xi2_B_Zn_3723_OK,230,9.600000381469727
314,1xi2_B_Zn_3724_OK,230,9.600000381469727
315,1xjh_A_Zn_928_OK,62,7.0
316,1xot_A_Zn_5273_OK,322,8.800000190734863
317,1xpa_A_Zn_1869_OK,113,7.0
318,1xxi_G_Zn_27616_OK,364,10.899999618530273
319,1y02_A_Zn_726_OK,91,8.5
320,1y02_A_Zn_727_OK,91,8.5
321,1y0r_A_Zn_2580_OK,333,9.199999809265137
322,1y0r_A_Zn_2581_OK,333,9.199999809265137
323,1y93_A_Zn_2417_OK,158,11.199999809265137
324,1y93_A_Zn_2418_OK,158,11.199999809265137
325,1yc2_D_Zn_10028_OK,251,9.699999809265137
326,1yhc_B_Zn_4356_OK,266,6.800000190734863
327,1yuj_A_Zn_1581_OK,54,4.699999809265137
328,1yws_A_Zn_1242_OK,82,6.300000190734863
329,1z3i_X_Zn_5054_OK,644,10.600000381469727
330,1zbd_B_Zn_2479_OK,124,8.5
331,1zbd_B_Zn_2480_OK,124,8.5
332,1zen_A_Zn_2568_OK,338,6.400000095367432
333,1zen_A_Zn_2569_OK,338,6.400000095367432
334,1zh1_A_Zn_2527_OK,163,5.099999904632568
335,1zin_A_Zn_1689_OK,217,10.800000190734863
336,1zlh_A_Zn_2904_OK,301,10.100000381469727
337,1zlh_B_Zn_2904_OK,74,5.400000095367432
338,1zni_B_Zn_825_OK,30,4.5
339,1zni_B_Zn_826_OK,30,4.5
340,1zt2_A_Zn_8595_OK,327,6.800000190734863
341,1zu1_A_Zn_1952_OK,127,7.800000190734863
342,1zud_1_Zn_4703_OK,234,10.600000381469727
343,1zw8_A_Zn_1000_OK,64,10.0
344,1zw8_A_Zn_1001_OK,64,10.0
345,2a1k_A_Zn_3437_OK,215,7.099999904632568
346,2a20_A_Zn_907_OK,60,4.900000095367432
347,2a20_A_Zn_908_OK,60,4.800000190734863
348,2a2i_B_Zn_4106_OK,255,8.300000190734863
349,2a5h_C_Zn_13298_OK,410,9.300000190734863
350,2a5h_D_Zn_13298_OK,411,9.300000190734863
351,2ac3_A_Zn_2217_OK,277,11.0
352,2afs_B_Zn_5235_OK,323,8.899999618530273
353,2akl_A_Zn_1738_OK,116,5.599999904632568
354,2anh_B_Zn_6582_OK,446,7.5
355,2anh_B_Zn_6583_OK,446,7.5
356,2anh_B_Zn_6584_OK,446,7.5
357,2anu_B_Zn_10934_OK,221,10.600000381469727
358,2anu_B_Zn_10935_OK,221,10.600000381469727
359,2anu_B_Zn_10936_OK,221,10.600000381469727
360,2anu_B_Zn_10937_OK,221,10.600000381469727
361,2avu_F_Zn_5321_OK,156,8.600000381469727
362,2b0p_A_Zn_1983_OK,129,11.600000381469727
363,2b44_B_Zn_2035_OK,129,11.5
364,2ba1_B_Zn_15666_OK,179,8.600000381469727
365,2bdh_A_Zn_6685_OK,223,12.100000381469727
366,2bib_A_Zn_4551_OK,541,10.800000190734863
367,2bib_A_Zn_4552_OK,541,10.800000190734863
368,2bjr_A_Zn_5639_OK,363,5.199999809265137
369,2bn7_A_Zn_3540_OK,442,9.899999618530273
370,2bnn_A_Zn_2973_OK,194,9.800000190734863
371,2bz1_A_Zn_1350_OK,174,8.399999618530273
372,2c2u_A_Zn_1512_OK,178,8.600000381469727
373,2c6b_A_Zn_719_OK,46,4.5
374,2c7n_E_Zn_6193_OK,49,5.800000190734863
375,2ce7_C_Zn_19256_OK,421,9.800000190734863
376,2cki_A_Zn_4135_OK,264,9.600000381469727
377,2con_A_Zn_1182_OK,79,6.900000095367432
378,2cqe_A_Zn_1438_OK,98,8.5
379,2cqf_A_Zn_861_OK,63,10.399999618530273
380,2cs7_B_Zn_1300_OK,55,5.300000190734863
381,2csz_A_Zn_1120_OK,76,6.400000095367432
382,2csz_A_Zn_1121_OK,76,6.400000095367432
383,2ct2_A_Zn_1323_OK,88,11.699999809265137
384,2ct2_A_Zn_1324_OK,88,11.699999809265137
385,2ct5_A_Zn_1093_OK,73,8.5
386,2ctd_A_Zn_1433_OK,96,10.199999809265137
387,2ctd_A_Zn_1434_OK,96,10.199999809265137
388,2ctt_A_Zn_1477_OK,104,9.600000381469727
389,2ctt_A_Zn_1478_OK,104,9.5
390,2ctu_A_Zn_1099_OK,73,12.199999809265137
391,2cup_A_Zn_1516_OK,101,12.5
392,2czr_A_Zn_1833_OK,226,2.0
393,2d8r_A_Zn_1532_OK,99,9.600000381469727
394,2d8v_A_Zn_949_OK,67,3.9000000953674316
395,2d8v_A_Zn_950_OK,67,3.9000000953674316
396,2d9k_A_Zn_1078_OK,75,8.899999618530273
397,2das_A_Zn_876_OK,62,3.4000000953674316
398,2db6_A_Zn_1145_OK,74,10.800000190734863
399,2db6_A_Zn_1146_OK,74,10.800000190734863
400,2dcu_A_Zn_4254_OK,407,9.899999618530273
401,2dcu_B_Zn_4283_OK,137,7.099999904632568
402,2dh3_A_Zn_6507_OK,416,10.800000190734863
403,2dh3_B_Zn_6507_OK,421,10.699999809265137
404,2dif_A_Zn_734_OK,53,11.5
405,2dif_A_Zn_735_OK,53,11.5
406,2dmi_A_Zn_1766_OK,115,11.399999618530273
407,2ds5_A_Zn_677_OK,43,8.199999809265137
408,2dvx_A_Zn_10444_OK,325,10.300000190734863
409,2e1b_A_Zn_1788_OK,216,9.100000381469727
410,2e25_A_Zn_2695_OK,342,10.199999809265137
411,2e25_A_Zn_2696_OK,342,10.199999809265137
412,2e26_A_Zn_5678_OK,705,8.5
413,2e26_A_Zn_5681_OK,705,8.5
414,2e2z_A_Zn_1574_OK,100,4.800000190734863
415,2e5s_A_Zn_1472_OK,98,7.5
416,2e6s_A_Zn_1108_OK,77,9.399999618530273
417,2e72_A_Zn_686_OK,49,3.799999952316284
418,2e7y_B_Zn_4486_OK,269,10.399999618530273
419,2e7y_B_Zn_4487_OK,269,10.399999618530273
420,2ee8_A_Zn_1687_OK,106,12.5
421,2eg4_A_Zn_3602_OK,230,10.199999809265137
422,2ej4_A_Zn_1455_OK,95,10.300000190734863
423,2elm_A_Zn_569_OK,37,12.699999809265137
424,2elp_A_Zn_558_OK,37,9.199999809265137
425,2elu_A_Zn_582_OK,37,5.400000095367432
426,2elv_A_Zn_568_OK,36,9.5
427,2eod_A_Zn_962_OK,66,9.199999809265137
428,2eod_A_Zn_963_OK,66,9.199999809265137
429,2eok_A_Zn_570_OK,42,13.0
430,2er8_A_Zn_3000_OK,68,13.800000190734863
431,2er8_A_Zn_3001_OK,68,13.800000190734863
432,2erp_A_Zn_6589_OK,426,9.399999618530273
433,2ev6_B_Zn_2286_OK,137,9.399999618530273
434,2f44_B_Zn_1599_OK,64,12.100000381469727
435,2f4l_A_Zn_8378_OK,275,6.199999809265137
436,2f4l_A_Zn_8379_OK,275,6.199999809265137
437,2f4o_A_Zn_2949_OK,290,6.5
438,2f8b_B_Zn_1726_OK,56,5.099999904632568
439,2f94_F_Zn_2767_OK,342,9.5
440,2f94_F_Zn_2768_OK,342,9.5
441,2f94_F_Zn_2769_OK,342,9.5
442,2f9y_B_Zn_4261_OK,257,9.0
443,2faw_A_Zn_4176_OK,250,9.0
444,2fc7_A_Zn_1166_OK,82,8.5
445,2fc7_A_Zn_1167_OK,82,8.5
446,2fe3_A_Zn_2275_OK,141,9.199999809265137
447,2fe8_A_Zn_7425_OK,315,5.5
448,2fea_B_Zn_3674_OK,224,11.300000190734863
449,2fgy_A_Zn_7373_OK,471,4.400000095367432
450,2fgy_A_Zn_7374_OK,471,4.400000095367432
451,2fli_H_Zn_19856_OK,216,10.199999809265137
452,2fpx_B_Zn_2538_OK,160,10.699999809265137
453,2g02_A_Zn_3224_OK,404,10.399999618530273
454,2g64_A_Zn_1190_OK,140,8.300000190734863
455,2gc3_A_Zn_3023_OK,188,8.600000381469727
456,2gfo_A_Zn_2748_OK,339,11.800000190734863
457,2ghf_A_Zn_1638_OK,102,5.800000190734863
458,2ghf_A_Zn_1639_OK,102,5.800000190734863
459,2gkl_A_Zn_1771_OK,225,9.600000381469727
460,2gmw_B_Zn_3051_OK,184,10.699999809265137
461,2gqj_A_Zn_1424_OK,98,11.899999618530273
462,2gqj_A_Zn_1425_OK,98,11.899999618530273
463,2gso_B_Zn_6046_OK,382,11.5
464,2gso_B_Zn_6047_OK,382,11.5
465,2gu2_A_Zn_4933_OK,307,8.5
466,2gvi_A_Zn_1601_OK,201,7.699999809265137
467,2gwn_A_Zn_3660_OK,450,11.899999618530273
468,2gwn_A_Zn_3661_OK,450,11.899999618530273
469,2h1i_A_Zn_4873_OK,212,12.0
470,2h1i_C_Zn_4881_OK,203,12.0
471,2hae_D_Zn_11577_OK,373,7.400000095367432
472,2hap_D_Zn_2076_OK,75,14.100000381469727
473,2hf1_A_Zn_928_OK,61,9.199999809265137
474,2hf8_A_Zn_3250_OK,211,9.899999618530273
475,2hf8_B_Zn_3250_OK,209,10.300000190734863
476,2hf8_B_Zn_3285_OK,209,10.300000190734863
477,2hih_B_Zn_6148_OK,386,9.0
478,2hpm_A_Zn_9129_OK,1143,8.199999809265137
479,2hpm_A_Zn_9130_OK,1143,8.199999809265137
480,2hqh_F_Zn_2935_OK,22,4.099999904632568
481,2hu9_B_Zn_2078_OK,129,6.5
482,2hvw_B_Zn_3581_OK,146,9.5
483,2i0m_A_Zn_1620_OK,207,11.0
484,2i0o_A_Zn_2288_OK,287,10.600000381469727
485,2i0o_A_Zn_2289_OK,287,10.600000381469727
486,2i0o_A_Zn_2290_OK,287,10.5
487,2i13_A_Zn_4113_OK,151,11.600000381469727
488,2i14_B_Zn_18362_OK,389,8.899999618530273
489,2i14_E_Zn_18433_OK,389,9.0
490,2i1o_A_Zn_3043_OK,389,8.600000381469727
491,2i1o_A_Zn_3044_OK,389,8.699999809265137
492,2i2r_A_Zn_18978_OK,129,8.5
493,2i2r_D_Zn_18978_OK,122,8.5
494,2i2x_K_Zn_44360_OK,459,3.5
495,2i5o_A_Zn_526_OK,34,6.699999809265137
496,2i9w_A_Zn_1392_OK,177,7.699999809265137
497,2ier_A_Zn_4317_OK,267,6.800000190734863
498,2ier_A_Zn_4320_OK,267,6.800000190734863
499,2igi_B_Zn_2945_OK,179,10.800000190734863
500,2igi_B_Zn_2948_OK,179,10.800000190734863
501,2iim_A_Zn_508_OK,62,14.0
502,2inn_B_Zn_16087_OK,493,7.0
503,2iuc_B_Zn_5098_OK,342,8.800000190734863
504,2iuc_B_Zn_5099_OK,342,8.899999618530273
505,2iwj_A_Zn_420_OK,27,7.800000190734863
506,2j0e_A_Zn_3943_OK,263,9.0
507,2j13_A_Zn_1760_OK,207,10.699999809265137
508,2j13_A_Zn_1761_OK,207,10.699999809265137
509,2j4x_A_Zn_1603_OK,197,6.0
510,2j9u_B_Zn_2247_OK,47,5.5
511,2jg6_A_Zn_1527_OK,186,6.800000190734863
512,2jne_A_Zn_1090_OK,71,6.800000190734863
513,2jne_A_Zn_1091_OK,71,6.800000190734863
514,2jox_A_Zn_1639_OK,106,3.700000047683716
515,2jox_A_Zn_1640_OK,106,3.700000047683716
516,2jox_A_Zn_1641_OK,106,3.700000047683716
517,2jpa_A_Zn_2881_OK,119,11.300000190734863
518,2jun_A_Zn_1545_OK,101,11.399999618530273
519,2jun_A_Zn_1546_OK,101,11.300000190734863
520,2jvx_A_Zn_424_OK,28,2.700000047683716
521,2jz8_A_Zn_1377_OK,87,5.0
522,2k2c_A_Zn_2124_OK,137,7.099999904632568
523,2k2c_A_Zn_2125_OK,137,7.099999904632568
524,2k2c_A_Zn_2126_OK,137,7.099999904632568
525,2k2c_A_Zn_2127_OK,137,7.099999904632568
526,2k2c_A_Zn_2128_OK,137,7.099999904632568
527,2k2c_A_Zn_2129_OK,137,7.099999904632568
528,2k2d_A_Zn_715_OK,47,8.600000381469727
529,2k7r_A_Zn_1735_OK,106,8.100000381469727
530,2k9h_A_Zn_842_OK,57,3.200000047683716
531,2k9h_A_Zn_843_OK,57,3.200000047683716
532,2kae_A_Zn_2224_OK,56,9.0
533,2kak_A_Zn_635_OK,53,3.5
534,2kak_A_Zn_636_OK,53,3.5
535,2kak_A_Zn_637_OK,53,3.5
536,2kak_A_Zn_638_OK,53,3.5
537,2kdp_A_Zn_1157_OK,71,3.200000047683716
538,2kdx_A_Zn_1856_OK,119,8.199999809265137
539,2kgo_A_Zn_1334_OK,88,7.199999809265137
540,2ki7_B_Zn_3591_OK,97,8.300000190734863
541,2kkh_A_Zn_1553_OK,95,11.699999809265137
542,2kkr_A_Zn_987_OK,59,5.099999904632568
543,2ko8_A_Zn_2371_OK,53,7.099999904632568
544,2kqb_A_Zn_793_OK,55,4.199999809265137
545,2kr1_A_Zn_993_OK,64,7.699999809265137
546,2ku3_A_Zn_927_OK,62,11.100000381469727
547,2ku3_A_Zn_928_OK,62,11.100000381469727
548,2kv1_A_Zn_1878_OK,124,5.900000095367432
549,2kvh_A_Zn_431_OK,27,14.100000381469727
550,2kwq_A_Zn_1473_OK,92,5.5
551,2kwq_A_Zn_1474_OK,92,5.5
552,2kzm_A_Zn_4799_OK,601,10.300000190734863
553,2kzz_A_Zn_4798_OK,601,10.300000190734863
554,2kzz_A_Zn_4799_OK,601,10.300000190734863
555,2l0z_A_Zn_670_OK,41,2.299999952316284
556,2l0z_A_Zn_671_OK,41,2.299999952316284
557,2l62_A_Zn_312_OK,26,2.5999999046325684
558,2l62_A_Zn_313_OK,26,2.5999999046325684
559,2l6m_A_Zn_1685_OK,101,2.0999999046325684
560,2l7x_A_Zn_1240_OK,77,4.599999904632568
561,2l7x_A_Zn_1241_OK,77,4.599999904632568
562,2l9z_A_Zn_584_OK,39,3.299999952316284
563,2lcq_A_Zn_2601_OK,161,9.199999809265137
564,2ld1_A_Zn_2199_OK,142,7.699999809265137
565,2ld1_A_Zn_2200_OK,142,7.699999809265137
566,2ld1_A_Zn_2201_OK,142,7.699999809265137
567,2lex_A_Zn_1639_OK,63,8.300000190734863
568,2lhn_A_Zn_1268_OK,80,5.699999809265137
569,2lhn_A_Zn_1269_OK,80,5.699999809265137
570,2lhn_A_Zn_1270_OK,80,5.699999809265137
571,2li8_A_Zn_1187_OK,63,10.5
572,2lli_A_Zn_1961_OK,124,9.800000190734863
573,2lli_A_Zn_1963_OK,124,9.800000190734863
574,2lo2_A_Zn_592_OK,38,5.099999904632568
575,2lo3_A_Zn_667_OK,44,4.300000190734863
576,2lo4_A_Zn_430_OK,28,2.4000000953674316
577,2lq6_A_Zn_1201_OK,79,8.5
578,2lq6_A_Zn_1202_OK,79,8.5
579,2lri_C_Zn_911_OK,66,7.800000190734863
580,2lri_C_Zn_912_OK,66,7.800000190734863
581,2luy_A_Zn_1533_OK,96,6.699999809265137
582,2luy_A_Zn_1534_OK,96,6.699999809265137
583,2lvr_A_Zn_494_OK,30,14.5
584,2lxh_C_Zn_865_OK,58,11.899999618530273
585,2lxh_C_Zn_866_OK,58,11.899999618530273
586,2lxw_A_Zn_873_OK,55,2.5
587,2m13_A_Zn_1040_OK,65,5.5
588,2m13_A_Zn_1041_OK,65,5.5
589,2m1s_A_Zn_1494_OK,99,3.0
590,2m1s_A_Zn_1495_OK,99,3.0
591,2m30_A_Zn_3059_OK,95,9.800000190734863
592,2m30_A_Zn_3060_OK,95,9.800000190734863
593,2m30_B_Zn_3059_OK,95,9.800000190734863
594,2m30_B_Zn_3060_OK,95,9.800000190734863
595,2m5t_A_Zn_2120_OK,142,5.0
596,2m7a_A_Zn_1309_OK,86,5.300000190734863
597,2m7b_A_Zn_1148_OK,77,5.900000095367432
598,2m7q_A_Zn_1107_OK,69,7.300000190734863
599,2m7q_A_Zn_1108_OK,69,7.300000190734863
600,2m7y_A_Zn_1105_OK,71,1.600000023841858
601,2md7_B_Zn_841_OK,56,11.0
602,2md7_B_Zn_842_OK,56,11.0
603,2mf8_A_Zn_1856_OK,75,8.699999809265137
604,2miu_A_Zn_1517_OK,98,12.5
605,2mjc_A_Zn_388_OK,24,5.400000095367432
606,2mmi_A_Zn_1092_OK,71,1.600000023841858
607,2mpj_A_Zn_340_OK,25,12.100000381469727
608,2mq1_A_Zn_1408_OK,89,6.199999809265137
609,2mq1_A_Zn_1409_OK,89,6.199999809265137
610,2mq1_A_Zn_1410_OK,89,6.199999809265137
611,2mre_B_Zn_1767_OK,33,7.400000095367432
612,2mt5_A_Zn_1067_OK,70,11.5
613,2muq_A_Zn_654_OK,44,2.9000000953674316
614,2mwx_A_Zn_824_OK,56,12.300000190734863
615,2mxp_A_Zn_528_OK,33,4.0
616,2my1_A_Zn_2613_OK,159,4.5
617,2my1_A_Zn_2614_OK,159,4.5
618,2my1_A_Zn_2615_OK,159,4.5
619,2n5k_A_Zn_484_OK,29,3.4000000953674316
620,2n8a_A_Zn_4789_OK,214,8.199999809265137
621,2n9p_A_Zn_2222_OK,42,7.5
622,2naa_A_Zn_1394_OK,94,9.300000190734863
623,2naa_A_Zn_1395_OK,94,9.300000190734863
624,2naa_A_Zn_1396_OK,94,9.300000190734863
625,2naa_A_Zn_1397_OK,94,9.300000190734863
626,2nax_A_Zn_1163_OK,76,5.400000095367432
627,2nb9_A_Zn_752_OK,49,9.699999809265137
628,2nly_A_Zn_1652_OK,216,8.199999809265137
629,2nqj_B_Zn_4955_OK,279,11.300000190734863
630,2nvu_B_Zn_13019_OK,789,10.399999618530273
631,2nvv_A_Zn_22976_OK,496,7.800000190734863
632,2nvv_B_Zn_22976_OK,496,7.800000190734863
633,2nvv_C_Zn_22978_OK,496,7.800000190734863
634,2nvv_D_Zn_22978_OK,496,7.800000190734863
635,2nz0_B_Zn_5085_OK,136,8.199999809265137
636,2nz0_D_Zn_5085_OK,136,8.199999809265137
637,2o03_A_Zn_957_OK,129,9.899999618530273
638,2o1q_B_Zn_2289_OK,144,8.800000190734863
639,2o36_A_Zn_5304_OK,654,10.5
640,2o8j_C_Zn_8392_OK,262,9.300000190734863
641,2o8j_C_Zn_8393_OK,262,9.300000190734863
642,2o8j_C_Zn_8394_OK,262,9.300000190734863
643,2ocj_A_Zn_6097_OK,194,6.900000095367432
644,2oik_C_Zn_4461_OK,141,9.699999809265137
645,2oo4_A_Zn_3417_OK,226,6.800000190734863
646,2oog_F_Zn_13547_OK,267,11.199999809265137
647,2ou3_A_Zn_2603_OK,160,9.100000381469727
648,2ou3_B_Zn_2619_OK,160,9.100000381469727
649,2ou3_B_Zn_2620_OK,160,9.100000381469727
650,2ou3_B_Zn_2621_OK,160,9.100000381469727
651,2oui_B_Zn_11040_OK,360,10.899999618530273
652,2p6b_C_Zn_8300_OK,357,8.5
653,2p6y_A_Zn_1019_OK,131,8.399999618530273
654,2peb_A_Zn_1875_OK,115,5.900000095367432
655,2pkg_D_Zn_10361_OK,80,5.300000190734863
656,2pkg_D_Zn_10362_OK,80,5.300000190734863
657,2ppt_A_Zn_2137_OK,149,11.0
658,2pv0_C_Zn_7864_OK,347,7.099999904632568
659,2q42_B_Zn_3972_OK,254,9.899999618530273
660,2q4h_A_Zn_4880_OK,311,9.100000381469727
661,2q4h_A_Zn_4881_OK,311,9.199999809265137
662,2q7s_B_Zn_4408_OK,280,8.399999618530273
663,2qfi_A_Zn_4419_OK,286,9.800000190734863
664,2qfi_B_Zn_4413_OK,286,9.800000190734863
665,2qfi_B_Zn_4416_OK,286,9.800000190734863
666,2qfp_B_Zn_14031_OK,424,10.600000381469727
667,2qfp_D_Zn_14175_OK,424,10.600000381469727
668,2qh0_A_Zn_1037_OK,129,11.300000190734863
669,2qkd_A_Zn_3023_OK,384,6.900000095367432
670,2qkd_A_Zn_3024_OK,384,6.900000095367432
671,2qpx_A_Zn_3182_OK,375,9.399999618530273
672,2qpx_A_Zn_3183_OK,375,9.399999618530273
673,2qsw_A_Zn_804_OK,90,9.300000190734863
674,2qw5_A_Zn_5350_OK,327,10.800000190734863
675,2rhq_A_Zn_8338_OK,270,8.699999809265137
676,2rjb_A_Zn_12726_OK,418,5.300000190734863
677,2rpc_A_Zn_2415_OK,155,11.800000190734863
678,2rpc_A_Zn_2417_OK,155,11.800000190734863
679,2rpp_A_Zn_1343_OK,89,7.099999904632568
680,2rpp_A_Zn_1344_OK,89,7.099999904632568
681,2rpr_A_Zn_1400_OK,87,9.5
682,2v0c_A_Zn_6642_OK,811,9.899999618530273
683,2v1x_B_Zn_8304_OK,527,9.5
684,2v88_A_Zn_1408_OK,78,1.7999999523162842
685,2v88_A_Zn_1409_OK,78,1.7999999523162842
686,2v8v_A_Zn_13368_OK,435,9.899999618530273
687,2v8v_A_Zn_13369_OK,435,9.899999618530273
688,2v9f_A_Zn_2144_OK,274,7.800000190734863
689,2v9f_A_Zn_2145_OK,274,7.800000190734863
690,2v9g_C_Zn_8555_OK,274,7.900000095367432
691,2v9g_D_Zn_8555_OK,274,7.900000095367432
692,2v9k_A_Zn_3708_OK,467,7.099999904632568
693,2vcg_D_Zn_11276_OK,375,7.5
694,2vf7_B_Zn_18856_OK,813,7.400000095367432
695,2vf7_B_Zn_18857_OK,813,7.5
696,2vf8_A_Zn_12641_OK,806,8.0
697,2vf8_A_Zn_12642_OK,806,7.900000095367432
698,2vf8_B_Zn_12712_OK,835,7.400000095367432
699,2vf8_B_Zn_12713_OK,835,7.400000095367432
700,2vhf_A_Zn_5250_OK,341,5.900000095367432
701,2vhf_A_Zn_5251_OK,341,5.900000095367432
702,2vjz_D_Zn_811_OK,28,4.5
703,2vk0_D_Zn_794_OK,27,4.400000095367432
704,2vk0_D_Zn_795_OK,27,4.400000095367432
705,2vk0_D_Zn_796_OK,27,4.400000095367432
706,2vl6_C_Zn_6354_OK,259,9.699999809265137
707,2vm5_A_Zn_860_OK,103,8.5
708,2vmk_D_Zn_14191_OK,472,7.599999904632568
709,2vo9_C_Zn_3485_OK,149,9.199999809265137
710,2vqj_A_Zn_3076_OK,402,7.599999904632568
711,2vrs_A_Zn_4656_OK,205,3.700000047683716
712,2vrs_B_Zn_4656_OK,205,3.700000047683716
713,2vrs_C_Zn_4656_OK,210,3.4000000953674316
714,2vu4_A_Zn_1140_OK,148,8.5
715,2vun_C_Zn_11169_OK,385,12.100000381469727
716,2vxx_A_Zn_5554_OK,172,9.600000381469727
717,2vxx_A_Zn_5555_OK,172,9.600000381469727
718,2vxx_A_Zn_5587_OK,172,9.600000381469727
719,2vxx_B_Zn_5554_OK,173,9.5
720,2vxx_B_Zn_5555_OK,173,9.5
721,2vxx_C_Zn_5577_OK,173,9.5
722,2vxx_C_Zn_5578_OK,173,9.5
723,2vxx_C_Zn_5587_OK,173,9.5
724,2vxx_C_Zn_5588_OK,173,9.5
725,2vxx_D_Zn_5577_OK,172,9.600000381469727
726,2vxx_D_Zn_5578_OK,172,9.600000381469727
727,2vxx_D_Zn_5587_OK,172,9.600000381469727
728,2vxx_D_Zn_5588_OK,172,9.600000381469727
729,2vy5_A_Zn_579_OK,37,6.400000095367432
730,2w0t_A_Zn_629_OK,43,5.599999904632568
731,2w12_A_Zn_1658_OK,201,10.600000381469727
732,2w5z_A_Zn_1528_OK,180,10.100000381469727
733,2w9m_B_Zn_8348_OK,559,9.199999809265137
734,2w9m_B_Zn_8349_OK,559,9.199999809265137
735,2w9m_B_Zn_8350_OK,559,9.199999809265137
736,2waz_X_Zn_2485_OK,315,4.0
737,2waz_X_Zn_2486_OK,315,4.0
738,2wg3_B_Zn_8818_OK,150,7.199999809265137
739,2wg3_D_Zn_8818_OK,409,8.800000190734863
740,2wkn_G_Zn_25077_OK,408,6.599999904632568
741,2wkn_G_Zn_25078_OK,408,6.599999904632568
742,2wos_A_Zn_793_OK,96,9.100000381469727
743,2wta_A_Zn_1756_OK,212,9.899999618530273
744,2wvk_A_Zn_6093_OK,391,5.0
745,2wvk_B_Zn_6094_OK,382,5.0
746,2wvl_A_Zn_6069_OK,385,5.099999904632568
747,2wwn_B_Zn_2231_OK,156,8.600000381469727
748,2wwn_B_Zn_2232_OK,156,8.5
749,2wxt_A_Zn_2902_OK,360,7.699999809265137
750,2x4h_A_Zn_4210_OK,129,9.800000190734863
751,2x4h_B_Zn_4213_OK,130,9.800000190734863
752,2x4h_C_Zn_4210_OK,131,9.699999809265137
753,2x4h_C_Zn_4213_OK,131,9.699999809265137
754,2x4h_C_Zn_4215_OK,131,9.699999809265137
755,2x4h_C_Zn_4216_OK,131,9.699999809265137
756,2x5c_A_Zn_3196_OK,99,1.0
757,2x5r_A_Zn_970_OK,124,1.0
758,2x7m_A_Zn_2888_OK,180,8.600000381469727
759,2x7w_A_Zn_2280_OK,286,11.300000190734863
760,2xar_B_Zn_6753_OK,424,8.199999809265137
761,2xb4_A_Zn_1734_OK,223,9.0
762,2xig_A_Zn_4809_OK,146,9.300000190734863
763,2xoz_A_Zn_3426_OK,213,8.399999618530273
764,2xoz_B_Zn_3427_OK,212,8.399999618530273
765,2xoz_B_Zn_3428_OK,212,8.399999618530273
766,2xoz_B_Zn_3429_OK,212,8.399999618530273
767,2xoz_B_Zn_3430_OK,212,8.399999618530273
768,2xqn_T_Zn_2047_OK,125,11.699999809265137
769,2xqn_T_Zn_2048_OK,125,11.699999809265137
770,2xsn_D_Zn_10728_OK,342,5.599999904632568
771,2xzl_A_Zn_5816_OK,756,9.699999809265137
772,2xzl_A_Zn_5817_OK,756,9.699999809265137
773,2xzl_A_Zn_5818_OK,756,9.699999809265137
774,2y7e_B_Zn_4317_OK,278,7.699999809265137
775,2ymk_B_Zn_987_OK,47,1.7999999523162842
776,2ymk_C_Zn_988_OK,47,1.7999999523162842
777,2yqm_A_Zn_1338_OK,89,10.600000381469727
778,2yqm_A_Zn_1339_OK,89,10.600000381469727
779,2yqp_A_Zn_902_OK,60,2.700000047683716
780,2yqq_A_Zn_816_OK,56,6.699999809265137
781,2yre_A_Zn_1427_OK,100,5.800000190734863
782,2yre_A_Zn_1428_OK,100,5.800000190734863
783,2yrk_A_Zn_820_OK,55,4.099999904632568
784,2yrt_A_Zn_1092_OK,75,6.900000095367432
785,2yrt_A_Zn_1093_OK,75,6.900000095367432
786,2yuc_A_Zn_1091_OK,76,9.300000190734863
787,2yxo_B_Zn_4223_OK,265,10.600000381469727
788,2yz5_A_Zn_4204_OK,263,10.300000190734863
789,2z0p_D_Zn_5403_OK,161,8.399999618530273
790,2z1a_A_Zn_3917_OK,507,10.199999809265137
791,2z1a_A_Zn_3918_OK,507,10.199999809265137
792,2z3i_C_Zn_3895_OK,129,8.399999618530273
793,2zet_D_Zn_5286_OK,141,8.600000381469727
794,2zet_D_Zn_5287_OK,141,8.600000381469727
795,2zjs_Y_Zn_6936_OK,415,8.100000381469727
796,2zkl_A_Zn_2918_OK,361,10.699999809265137
797,2zsg_A_Zn_5578_OK,356,10.699999809265137
798,2zxc_B_Zn_9972_OK,643,8.399999618530273
799,2zzg_A_Zn_11996_OK,738,7.599999904632568
800,3a1b_A_Zn_1183_OK,148,6.0
801,3a1b_A_Zn_1184_OK,148,6.0
802,3a1b_A_Zn_1185_OK,148,6.0
803,3a44_A_Zn_3853_OK,137,7.599999904632568
804,3a44_B_Zn_3853_OK,132,7.800000190734863
805,3a44_C_Zn_3856_OK,122,9.0
806,3a44_D_Zn_3856_OK,127,8.5
807,3a52_A_Zn_6048_OK,400,7.599999904632568
808,3a6e_B_Zn_11917_OK,257,8.600000381469727
809,3a6h_F_Zn_11852_OK,257,8.699999809265137
810,3a6j_D_Zn_11926_OK,256,8.800000190734863
811,3a9l_B_Zn_3227_OK,207,6.099999904632568
812,3aal_A_Zn_2325_OK,298,10.600000381469727
813,3ada_D_Zn_12640_OK,91,5.300000190734863
814,3anu_A_Zn_2811_OK,367,9.699999809265137
815,3au2_A_Zn_4565_OK,575,9.800000190734863
816,3au2_A_Zn_4566_OK,575,9.800000190734863
817,3auo_A_Zn_10215_OK,572,9.800000190734863
818,3av6_A_Zn_9081_OK,1135,8.899999618530273
819,3avs_A_Zn_7679_OK,474,7.400000095367432
820,3ax1_A_Zn_2439_OK,298,7.199999809265137
821,3axt_A_Zn_3171_OK,387,7.800000190734863
822,3b0x_A_Zn_4538_OK,575,9.800000190734863
823,3b0y_A_Zn_4572_OK,575,9.800000190734863
824,3b4r_A_Zn_3407_OK,218,8.5
825,3b5q_B_Zn_7350_OK,467,11.300000190734863
826,3b6p_B_Zn_6785_OK,217,9.0
827,3bl5_A_Zn_9233_OK,195,11.5
828,3boc_A_Zn_1570_OK,209,5.400000095367432
829,3bp8_B_Zn_6947_OK,380,10.199999809265137
830,3bvo_A_Zn_3099_OK,197,8.0
831,3byr_A_Zn_735_OK,89,10.100000381469727
832,3byr_A_Zn_736_OK,89,10.100000381469727
833,3byr_A_Zn_737_OK,89,10.100000381469727
834,3ce9_A_Zn_10762_OK,349,9.199999809265137
835,3cgh_A_Zn_4037_OK,507,8.5
836,3cjj_A_Zn_1706_OK,219,12.0
837,3cki_A_Zn_3012_OK,256,9.899999618530273
838,3cki_B_Zn_3012_OK,121,9.699999809265137
839,3cng_A_Zn_5811_OK,177,9.399999618530273
840,3cr2_A_Zn_718_OK,90,9.600000381469727
841,3cr5_X_Zn_775_OK,91,9.800000190734863
842,3csk_A_Zn_5702_OK,710,7.099999904632568
843,3csq_A_Zn_10465_OK,324,9.300000190734863
844,3czx_B_Zn_5435_OK,182,10.399999618530273
845,3d00_A_Zn_1410_OK,184,7.0
846,3d0g_B_Zn_12589_OK,597,10.199999809265137
847,3d2n_A_Zn_612_OK,76,7.599999904632568
848,3d2n_A_Zn_613_OK,76,7.599999904632568
849,3d2q_A_Zn_2172_OK,66,8.399999618530273
850,3d7s_D_Zn_7238_OK,153,6.0
851,3dci_A_Zn_4625_OK,208,12.199999809265137
852,3dcp_B_Zn_6597_OK,272,9.5
853,3dfm_A_Zn_2076_OK,266,10.0
854,3dfm_A_Zn_2077_OK,266,10.0
855,3dgn_A_Zn_616_OK,69,1.0
856,3di4_A_Zn_4346_OK,281,6.0
857,3dow_A_Zn_1039_OK,119,7.599999904632568
858,3dqv_R_Zn_8842_OK,86,10.100000381469727
859,3dti_A_Zn_1840_OK,243,9.399999618530273
860,3dtk_A_Zn_1876_OK,247,9.399999618530273
861,3dtk_A_Zn_1877_OK,247,9.399999618530273
862,3dwd_A_Zn_1760_OK,116,8.800000190734863
863,3e0f_A_Zn_2210_OK,286,9.899999618530273
864,3e2u_H_Zn_3035_OK,24,3.9000000953674316
865,3e2w_C_Zn_9779_OK,203,8.600000381469727
866,3eb5_A_Zn_526_OK,65,12.800000190734863
867,3ebe_A_Zn_4132_OK,172,7.599999904632568
868,3ebg_A_Zn_7235_OK,889,9.699999809265137
869,3edh_A_Zn_1698_OK,201,11.100000381469727
870,3edh_A_Zn_1699_OK,201,11.100000381469727
871,3eii_B_Zn_6431_OK,208,7.300000190734863
872,3eor_A_Zn_1177_OK,157,5.599999904632568
873,3epk_B_Zn_9650_OK,402,7.800000190734863
874,3esw_A_Zn_3215_OK,332,5.599999904632568
875,3ez5_A_Zn_10194_OK,580,10.0
876,3ez5_A_Zn_10195_OK,580,10.0
877,3f07_A_Zn_8384_OK,366,8.0
878,3f2b_A_Zn_8465_OK,994,7.400000095367432
879,3f2d_A_Zn_8435_OK,993,7.5
880,3f8n_B_Zn_2167_OK,136,9.300000190734863
881,3fc3_A_Zn_3791_OK,189,6.699999809265137
882,3fii_A_Zn_3473_OK,403,5.400000095367432
883,3flo_F_Zn_19999_OK,180,8.100000381469727
884,3flo_F_Zn_20000_OK,180,8.100000381469727
885,3fm2_A_Zn_2090_OK,134,8.0
886,3fm2_A_Zn_2099_OK,134,8.0
887,3fm2_B_Zn_2090_OK,132,8.100000381469727
888,3fm2_B_Zn_2099_OK,132,8.100000381469727
889,3fns_A_Zn_5183_OK,325,11.0
890,3fns_A_Zn_5187_OK,325,11.0
891,3fns_B_Zn_5183_OK,325,11.0
892,3fns_B_Zn_5187_OK,325,10.899999618530273
893,3fvz_A_Zn_2726_OK,329,11.199999809265137
894,3fw6_A_Zn_4007_OK,519,9.100000381469727
895,3g0z_A_Zn_2035_OK,252,8.100000381469727
896,3g1p_A_Zn_3886_OK,249,9.600000381469727
897,3g27_A_Zn_610_OK,81,6.099999904632568
898,3g8r_B_Zn_5297_OK,336,7.599999904632568
899,3ga8_A_Zn_536_OK,67,10.0
900,3gc9_A_Zn_5425_OK,335,10.5
901,3gc9_B_Zn_5425_OK,339,10.199999809265137
902,3ggl_A_Zn_1245_OK,161,12.199999809265137
903,3gl6_A_Zn_470_OK,52,11.100000381469727
904,3gn5_A_Zn_2055_OK,132,10.800000190734863
905,3gwt_A_Zn_2753_OK,336,8.699999809265137
906,3gzn_D_Zn_16056_OK,429,9.199999809265137
907,3h0g_A_Zn_62877_OK,1496,8.600000381469727
908,3h0g_I_Zn_62883_OK,111,10.100000381469727
909,3h0g_L_Zn_62885_OK,45,7.0
910,3h0g_M_Zn_62887_OK,1476,8.5
911,3h0g_N_Zn_62889_OK,1150,8.5
912,3h0g_O_Zn_62890_OK,263,8.399999618530273
913,3h0g_U_Zn_62891_OK,111,10.0
914,3h0g_V_Zn_62893_OK,64,5.300000190734863
915,3h0n_A_Zn_1501_OK,184,7.900000095367432
916,3h1w_A_Zn_2989_OK,390,8.300000190734863
917,3h2q_D_Zn_3800_OK,128,8.899999618530273
918,3h69_A_Zn_5059_OK,315,9.399999618530273
919,3h69_A_Zn_5060_OK,315,9.399999618530273
920,3h8g_E_Zn_22207_OK,497,7.900000095367432
921,3h90_A_Zn_8731_OK,283,9.800000190734863
922,3h90_B_Zn_8726_OK,283,9.800000190734863
923,3h90_B_Zn_8727_OK,283,9.800000190734863
924,3h90_B_Zn_8728_OK,283,9.800000190734863
925,3h90_C_Zn_8731_OK,283,9.800000190734863
926,3h90_C_Zn_8733_OK,283,9.800000190734863
927,3h90_D_Zn_8726_OK,283,9.800000190734863
928,3h9j_B_Zn_10524_OK,336,10.5
929,3hbu_P_Zn_3558_OK,462,9.399999618530273
930,3hbu_P_Zn_3559_OK,462,9.399999618530273
931,3hcs_B_Zn_2528_OK,157,11.199999809265137
932,3hcu_A_Zn_4066_OK,106,11.699999809265137
933,3hft_A_Zn_2027_OK,242,7.800000190734863
934,3hko_A_Zn_2604_OK,319,10.600000381469727
935,3hpg_A_Zn_12799_OK,194,13.100000381469727
936,3htk_C_Zn_3108_OK,254,7.5
937,3hug_N_Zn_10509_OK,61,9.899999618530273
938,3hwp_A_Zn_4707_OK,288,7.099999904632568
939,3hxb_B_Zn_4967_OK,324,10.600000381469727
940,3ie1_B_Zn_13780_OK,431,9.800000190734863
941,3ie1_B_Zn_13781_OK,431,9.899999618530273
942,3ifu_A_Zn_1369_OK,175,3.299999952316284
943,3ifu_A_Zn_1370_OK,175,3.299999952316284
944,3ihp_B_Zn_11765_OK,681,9.0
945,3ii1_A_Zn_4039_OK,522,9.300000190734863
946,3ii1_A_Zn_4040_OK,522,9.300000190734863
947,3ii1_A_Zn_4041_OK,522,9.300000190734863
948,3ir9_A_Zn_2441_OK,162,9.0
949,3irb_B_Zn_2211_OK,134,8.0
950,3iuf_A_Zn_265_OK,32,10.399999618530273
951,3j7y_0_Zn_94170_OK,98,6.900000095367432
952,3j7y_r_Zn_94172_OK,146,5.099999904632568
953,3j9d_A_Zn_6087_OK,746,5.5
954,3jb9_c_Zn_86564_OK,300,7.900000095367432
955,3jc7_7_Zn_40309_OK,657,9.0
956,3k3q_B_Zn_4291_OK,238,6.699999809265137
957,3k3q_C_Zn_4291_OK,165,3.4000000953674316
958,3k6j_A_Zn_3458_OK,430,9.0
959,3k7g_B_Zn_1262_OK,157,6.800000190734863
960,3k9t_A_Zn_3397_OK,422,8.600000381469727
961,3kao_A_Zn_2772_OK,325,8.0
962,3kao_A_Zn_2773_OK,325,8.0
963,3kao_A_Zn_2774_OK,325,8.0
964,3kbp_C_Zn_14276_OK,424,10.600000381469727
965,3kdk_B_Zn_3047_OK,184,9.899999618530273
966,3kdk_B_Zn_3048_OK,184,9.899999618530273
967,3khi_A_Zn_1787_OK,223,7.599999904632568
968,3kl7_A_Zn_1762_OK,220,10.600000381469727
969,3kl7_A_Zn_1763_OK,220,10.600000381469727
970,3knv_A_Zn_944_OK,123,10.899999618530273
971,3kq6_A_Zn_823_OK,21,4.900000095367432
972,3kqx_L_Zn_47441_OK,508,7.400000095367432
973,3kvt_A_Zn_836_OK,103,8.899999618530273
974,3kyd_B_Zn_6736_OK,477,8.5
975,3kz4_L_Zn_54123_OK,397,2.5
976,3kz4_M_Zn_54123_OK,397,2.5
977,3kz4_N_Zn_54123_OK,397,2.5
978,3l0a_A_Zn_2147_OK,266,9.100000381469727
979,3l7t_A_Zn_4417_OK,133,12.399999618530273
980,3l7t_D_Zn_4417_OK,133,12.399999618530273
981,3l8g_A_Zn_1435_OK,183,10.5
982,3l8h_A_Zn_5334_OK,179,10.699999809265137
983,3l9e_C_Zn_4455_OK,154,9.100000381469727
984,3lat_A_Zn_3417_OK,207,8.699999809265137
985,3lat_A_Zn_3418_OK,207,8.699999809265137
986,3lea_B_Zn_4128_OK,261,9.5
987,3liz_A_Zn_5963_OK,329,10.600000381469727
988,3liz_L_Zn_5963_OK,211,12.800000190734863
989,3liz_L_Zn_5991_OK,211,12.800000190734863
990,3lmc_A_Zn_1554_OK,191,8.399999618530273
991,3lmi_C_Zn_8047_OK,250,7.699999809265137
992,3lnl_A_Zn_5183_OK,307,8.100000381469727
993,3lnl_A_Zn_5184_OK,307,8.100000381469727
994,3lnn_A_Zn_4347_OK,341,10.800000190734863
995,3lrq_C_Zn_2722_OK,82,12.5
996,3lrq_C_Zn_2723_OK,82,12.5
997,3ls1_A_Zn_2074_OK,133,6.099999904632568
998,3lu0_D_Zn_25414_OK,1364,8.800000190734863
999,3lub_A_Zn_23857_OK,253,8.699999809265137
1000,3lub_A_Zn_23858_OK,253,8.699999809265137
1001,3luu_A_Zn_725_OK,89,8.5
1002,3lwq_B_Zn_5362_OK,51,6.300000190734863
1003,3lyr_A_Zn_1683_OK,211,3.5
1004,3lzn_A_Zn_2501_OK,158,5.699999809265137
1005,3lzn_A_Zn_2507_OK,158,5.699999809265137
1006,3lzn_B_Zn_2501_OK,158,5.699999809265137
1007,3lzn_B_Zn_2507_OK,158,5.699999809265137
1008,3m7k_A_Zn_1522_OK,142,8.199999809265137
1009,3m7k_A_Zn_1523_OK,142,8.199999809265137
1010,3m7n_C_Zn_16155_OK,179,8.600000381469727
1011,3mdu_A_Zn_3455_OK,450,11.600000381469727
1012,3mjh_B_Zn_3176_OK,34,7.599999904632568
1013,3mln_A_Zn_5634_OK,206,3.5
1014,3mlp_B_Zn_11778_OK,332,3.799999952316284
1015,3mlp_E_Zn_11792_OK,303,3.799999952316284
1016,3mo0_A_Zn_3923_OK,251,9.600000381469727
1017,3mo0_B_Zn_3923_OK,242,9.600000381469727
1018,3mwm_A_Zn_1882_OK,127,9.600000381469727
1019,3mwm_A_Zn_1883_OK,127,9.600000381469727
1020,3mx5_B_Zn_12134_OK,515,3.4000000953674316
1021,3neh_A_Zn_4956_OK,309,8.399999618530273
1022,3neh_A_Zn_4957_OK,309,8.399999618530273
1023,3ngj_A_Zn_6485_OK,218,8.699999809265137
1024,3ngj_B_Zn_6485_OK,218,8.699999809265137
1025,3ngj_B_Zn_6488_OK,218,8.699999809265137
1026,3ngj_C_Zn_6496_OK,221,8.699999809265137
1027,3nhe_A_Zn_3444_OK,337,11.300000190734863
1028,3nim_D_Zn_2583_OK,80,7.300000190734863
1029,3nim_D_Zn_2584_OK,80,7.300000190734863
1030,3nim_F_Zn_2588_OK,81,7.400000095367432
1031,3nn7_A_Zn_2406_OK,316,8.5
1032,3nnq_A_Zn_1577_OK,95,7.599999904632568
1033,3nqy_A_Zn_3673_OK,174,9.199999809265137
1034,3nqy_B_Zn_3673_OK,307,8.300000190734863
1035,3nvo_A_Zn_3822_OK,250,9.899999618530273
1036,3nvo_A_Zn_3824_OK,250,9.899999618530273
1037,3nvo_B_Zn_3831_OK,247,10.0
1038,3nwi_E_Zn_9566_OK,248,10.0
1039,3nyb_B_Zn_3082_OK,64,7.199999809265137
1040,3nyh_A_Zn_4969_OK,594,8.899999618530273
1041,3o14_B_Zn_3565_OK,222,9.399999618530273
1042,3o9x_A_Zn_3102_OK,132,10.800000190734863
1043,3oaj_A_Zn_4988_OK,310,9.899999618530273
1044,3og8_A_Zn_2699_OK,126,7.300000190734863
1045,3ojg_A_Zn_2545_OK,322,9.300000190734863
1046,3ol6_E_Zn_17840_OK,461,9.199999809265137
1047,3ome_E_Zn_11248_OK,244,10.5
1048,3ooi_A_Zn_1951_OK,232,9.899999618530273
1049,3ooi_A_Zn_1952_OK,232,9.899999618530273
1050,3oxk_A_Zn_911_OK,115,10.699999809265137
1051,3p1v_A_Zn_6592_OK,406,7.099999904632568
1052,3p1v_A_Zn_6593_OK,406,7.099999904632568
1053,3p24_C_Zn_11448_OK,354,6.900000095367432
1054,3p2a_C_Zn_4468_OK,141,11.100000381469727
1055,3p76_A_Zn_2179_OK,267,6.800000190734863
1056,3pb6_X_Zn_2481_OK,313,9.300000190734863
1057,3pfo_A_Zn_6624_OK,426,10.699999809265137
1058,3pfo_A_Zn_6625_OK,426,10.699999809265137
1059,3pih_A_Zn_7069_OK,836,8.5
1060,3pih_A_Zn_7070_OK,836,8.600000381469727
1061,3pih_A_Zn_7071_OK,836,8.5
1062,3plw_A_Zn_926_OK,110,6.900000095367432
1063,3plw_A_Zn_927_OK,110,6.900000095367432
1064,3pn5_A_Zn_1438_OK,181,6.900000095367432
1065,3pn5_A_Zn_1439_OK,181,6.900000095367432
1066,3pw3_E_Zn_17405_OK,356,9.100000381469727
1067,3q7c_A_Zn_1641_OK,209,2.799999952316284
1068,3q94_A_Zn_4245_OK,285,7.400000095367432
1069,3q94_A_Zn_4247_OK,285,7.400000095367432
1070,3q94_A_Zn_4259_OK,285,7.400000095367432
1071,3q94_B_Zn_4270_OK,277,7.5
1072,3qbe_A_Zn_2607_OK,352,9.5
1073,3qfk_A_Zn_4226_OK,510,10.199999809265137
1074,3qmi_A_Zn_892_OK,52,5.699999809265137
1075,3qmi_A_Zn_893_OK,52,5.699999809265137
1076,3qnf_C_Zn_17618_OK,800,10.199999809265137
1077,3qwp_A_Zn_3455_OK,425,10.899999618530273
1078,3qwp_A_Zn_3456_OK,425,10.899999618530273
1079,3qzc_B_Zn_1845_OK,112,8.899999618530273
1080,3r0d_A_Zn_3364_OK,422,11.399999618530273
1081,3r0d_A_Zn_3365_OK,422,11.399999618530273
1082,3r24_B_Zn_3235_OK,121,3.0
1083,3r24_B_Zn_3236_OK,121,3.0
1084,3r3r_A_Zn_1470_OK,184,9.5
1085,3ram_D_Zn_12148_OK,391,10.399999618530273
1086,3ram_D_Zn_12149_OK,391,10.399999618530273
1087,3ray_A_Zn_1317_OK,159,8.800000190734863
1088,3rcm_A_Zn_2189_OK,279,10.100000381469727
1089,3rfr_G_Zn_20225_OK,211,4.199999809265137
1090,3rms_A_Zn_2584_OK,109,4.699999809265137
1091,3rn6_A_Zn_3340_OK,422,11.399999618530273
1092,3rx5_A_Zn_4103_OK,530,9.399999618530273
1093,3rza_B_Zn_5677_OK,373,10.699999809265137
1094,3rzu_C_Zn_9566_OK,177,9.199999809265137
1095,3rzu_D_Zn_9567_OK,176,9.100000381469727
1096,3s2s_A_Zn_5712_OK,182,10.100000381469727
1097,3s32_A_Zn_1300_OK,161,7.400000095367432
1098,3sja_I_Zn_15873_OK,339,10.100000381469727
1099,3sjx_A_Zn_6006_OK,690,9.100000381469727
1100,3sjx_A_Zn_6007_OK,690,9.100000381469727
1101,3sou_B_Zn_1208_OK,69,10.5
1102,3sp1_B_Zn_6835_OK,439,9.5
1103,3sp4_A_Zn_3355_OK,202,7.400000095367432
1104,3t0c_A_Zn_5616_OK,737,8.399999618530273
1105,3t80_A_Zn_6700_OK,157,5.599999904632568
1106,3t80_B_Zn_6741_OK,147,5.5
1107,3t80_F_Zn_6863_OK,146,5.5
1108,3t9o_A_Zn_1845_OK,108,10.0
1109,3tgn_A_Zn_2204_OK,135,9.199999809265137
1110,3tht_B_Zn_9627_OK,312,8.899999618530273
1111,3tkk_A_Zn_9034_OK,300,6.300000190734863
1112,3tp2_A_Zn_3470_OK,225,7.900000095367432
1113,3trz_A_Zn_8695_OK,130,10.100000381469727
1114,3trz_B_Zn_8698_OK,130,10.199999809265137
1115,3tsq_A_Zn_4939_OK,647,7.900000095367432
1116,3u92_A_Zn_8159_OK,254,12.199999809265137
1117,3u92_B_Zn_8159_OK,254,12.199999809265137
1118,3u9g_A_Zn_1736_OK,217,6.099999904632568
1119,3u9g_A_Zn_1737_OK,217,6.099999904632568
1120,3u9g_A_Zn_1738_OK,217,6.099999904632568
1121,3u9g_A_Zn_1739_OK,217,6.099999904632568
1122,3udk_A_Zn_3142_OK,394,10.300000190734863
1123,3ugq_A_Zn_3500_OK,426,10.399999618530273
1124,3ujz_A_Zn_4697_OK,604,6.800000190734863
1125,3umi_A_Zn_1540_OK,183,5.599999904632568
1126,3uvc_A_Zn_2611_OK,158,11.199999809265137
1127,3uvc_B_Zn_2611_OK,159,11.300000190734863
1128,3uvc_B_Zn_2669_OK,159,11.300000190734863
1129,3uwx_A_Zn_12193_OK,945,6.5
1130,3uwx_A_Zn_12195_OK,945,6.599999904632568
1131,3ux3_A_Zn_4389_OK,130,6.900000095367432
1132,3ux3_A_Zn_4390_OK,130,6.900000095367432
1133,3ux3_B_Zn_4389_OK,130,6.900000095367432
1134,3vat_A_Zn_3574_OK,458,8.0
1135,3vd6_C_Zn_1585_OK,96,8.399999618530273
1136,3vdp_A_Zn_6127_OK,197,6.099999904632568
1137,3vh3_A_Zn_3293_OK,320,8.699999809265137
1138,3vh9_A_Zn_2340_OK,291,10.0
1139,3vh9_A_Zn_2341_OK,291,10.0
1140,3vhs_A_Zn_408_OK,25,7.800000190734863
1141,3vhs_B_Zn_408_OK,26,7.5
1142,3vht_B_Zn_4501_OK,259,5.199999809265137
1143,3vk6_A_Zn_757_OK,96,5.800000190734863
1144,3vk6_A_Zn_758_OK,96,5.800000190734863
1145,3vk6_A_Zn_759_OK,96,5.800000190734863
1146,3vpb_E_Zn_9978_OK,56,6.400000095367432
1147,3vuy_D_Zn_2548_OK,33,2.799999952316284
1148,3w0f_A_Zn_2003_OK,255,8.300000190734863
1149,3w20_B_Zn_3963_OK,250,8.0
1150,3w3s_A_Zn_6456_OK,527,7.599999904632568
1151,3waj_A_Zn_6370_OK,793,9.699999809265137
1152,3wc6_A_Zn_2446_OK,304,10.0
1153,3wc6_A_Zn_2451_OK,304,10.100000381469727
1154,3wd9_B_Zn_5651_OK,345,8.699999809265137
1155,3wf6_A_Zn_2223_OK,277,10.600000381469727
1156,3wre_A_Zn_4973_OK,634,9.600000381469727
1157,3wrn_A_Zn_2078_OK,248,4.5
1158,3wup_A_Zn_255_OK,31,6.699999809265137
1159,3wv6_B_Zn_4564_OK,284,9.699999809265137
1160,3wwl_A_Zn_415_OK,54,8.800000190734863
1161,3wwq_I_Zn_6024_OK,38,2.9000000953674316
1162,3wx2_B_Zn_1626_OK,99,7.099999904632568
1163,3wx7_A_Zn_6274_OK,402,7.900000095367432
1164,3wxv_A_Zn_4045_OK,283,9.199999809265137
1165,3x0d_A_Zn_4992_OK,624,8.199999809265137
1166,3x1l_A_Zn_19831_OK,573,7.699999809265137
1167,3zdr_A_Zn_6429_OK,402,9.899999618530273
1168,3zeu_E_Zn_8851_OK,337,10.300000190734863
1169,3zfj_A_Zn_1898_OK,120,3.700000047683716
1170,3zfk_B_Zn_4209_OK,128,7.199999809265137
1171,3zg6_A_Zn_2393_OK,294,8.899999618530273
1172,3zj1_A_Zn_1327_OK,83,4.699999809265137
1173,3zj1_A_Zn_1328_OK,83,4.699999809265137
1174,3zj2_A_Zn_1069_OK,71,4.900000095367432
1175,3zj2_A_Zn_1070_OK,71,4.900000095367432
1176,3znb_B_Zn_3415_OK,227,10.100000381469727
1177,3znf_A_Zn_503_OK,30,13.5
1178,3zq4_E_Zn_16903_OK,544,9.100000381469727
1179,3zq4_E_Zn_16904_OK,544,9.100000381469727
1180,3zqj_C_Zn_39997_OK,890,7.599999904632568
1181,3zu0_A_Zn_8347_OK,562,9.899999618530273
1182,3zu0_A_Zn_8348_OK,562,10.0
1183,3zxo_B_Zn_1976_OK,124,10.800000190734863
1184,4a46_C_Zn_1811_OK,63,13.399999618530273
1185,4a46_D_Zn_1811_OK,63,13.399999618530273
1186,4a4j_A_Zn_520_OK,69,13.199999809265137
1187,4a4k_A_Zn_9090_OK,246,10.5
1188,4a7z_A_Zn_6810_OK,881,8.0
1189,4a7z_A_Zn_6811_OK,881,8.0
1190,4a7z_A_Zn_6812_OK,881,8.0
1191,4a91_A_Zn_2348_OK,291,8.399999618530273
1192,4ad9_B_Zn_13158_OK,285,10.300000190734863
1193,4ad9_C_Zn_13157_OK,285,10.300000190734863
1194,4ad9_C_Zn_13158_OK,285,10.300000190734863
1195,4ad9_D_Zn_13159_OK,288,10.300000190734863
1196,4ad9_D_Zn_13160_OK,288,10.300000190734863
1197,4ad9_F_Zn_13160_OK,285,10.300000190734863
1198,4af1_A_Zn_3225_OK,410,9.5
1199,4arf_A_Zn_3108_OK,380,7.400000095367432
1200,4au7_A_Zn_3708_OK,243,8.600000381469727
1201,4ay8_A_Zn_5060_OK,339,10.899999618530273
1202,4ayb_A_Zn_54889_OK,872,8.899999618530273
1203,4b7k_A_Zn_2845_OK,338,9.600000381469727
1204,4b7k_B_Zn_2845_OK,15,8.800000190734863
1205,4b7y_C_Zn_2266_OK,115,6.5
1206,4b7y_D_Zn_2267_OK,97,4.400000095367432
1207,4b87_A_Zn_2628_OK,335,8.899999618530273
1208,4bbq_A_Zn_1573_OK,111,5.300000190734863
1209,4bbq_A_Zn_1574_OK,111,5.300000190734863
1210,4bdv_A_Zn_9876_OK,612,10.199999809265137
1211,4be0_A_Zn_5080_OK,368,10.199999809265137
1212,4bg1_A_Zn_3174_OK,385,9.699999809265137
1213,4bg1_A_Zn_3175_OK,385,9.699999809265137
1214,4bhw_A_Zn_9183_OK,563,8.399999618530273
1215,4bhw_B_Zn_9183_OK,563,8.399999618530273
1216,4bmb_A_Zn_1214_OK,150,9.600000381469727
1217,4bpx_C_Zn_19222_OK,372,7.099999904632568
1218,4bs9_A_Zn_5472_OK,691,9.600000381469727
1219,4bt3_A_Zn_1881_OK,236,7.599999904632568
1220,4bz6_C_Zn_13041_OK,414,7.5
1221,4c1q_A_Zn_2775_OK,173,9.5
1222,4c3b_F_Zn_21516_OK,178,2.0
1223,4c4a_A_Zn_5191_OK,641,9.600000381469727
1224,4c4o_B_Zn_8833_OK,335,11.399999618530273
1225,4c4o_B_Zn_8834_OK,335,11.399999618530273
1226,4c6i_A_Zn_6046_OK,362,10.800000190734863
1227,4c6i_A_Zn_6047_OK,362,10.800000190734863
1228,4c6i_A_Zn_6048_OK,362,10.800000190734863
1229,4c82_A_Zn_1215_OK,156,5.400000095367432
1230,4ca1_A_Zn_3284_OK,189,10.699999809265137
1231,4ca1_B_Zn_3338_OK,190,10.399999618530273
1232,4cbt_B_Zn_7957_OK,352,8.0
1233,4cbt_C_Zn_7986_OK,346,8.300000190734863
1234,4ccg_X_Zn_3608_OK,75,9.699999809265137
1235,4ccg_Y_Zn_3628_OK,67,10.899999618530273
1236,4cdg_A_Zn_11687_OK,625,8.800000190734863
1237,4ci0_B_Zn_6898_OK,228,9.699999809265137
1238,4ci1_B_Zn_11408_OK,368,9.0
1239,4cog_C_Zn_6574_OK,207,8.800000190734863
1240,4cqn_A_Zn_17129_OK,860,10.0
1241,4csa_E_Zn_5324_OK,163,2.0
1242,4csh_A_Zn_5311_OK,164,8.0
1243,4ct0_A_Zn_4573_OK,486,10.0
1244,4ct0_B_Zn_4573_OK,96,3.0
1245,4cyk_A_Zn_630_OK,41,5.0
1246,4czw_A_Zn_4878_OK,609,9.800000190734863
1247,4czw_A_Zn_4879_OK,609,9.800000190734863
1248,4d0y_B_Zn_2963_OK,184,8.699999809265137
1249,4d1y_A_Zn_2743_OK,175,10.0
1250,4d52_B_Zn_9902_OK,313,10.399999618530273
1251,4d6q_A_Zn_2857_OK,330,7.900000095367432
1252,4da4_B_Zn_14191_OK,832,9.199999809265137
1253,4da4_B_Zn_14192_OK,832,9.199999809265137
1254,4ddv_B_Zn_18065_OK,1102,8.800000190734863
1255,4ddx_A_Zn_18064_OK,1102,8.800000190734863
1256,4del_A_Zn_2742_OK,345,6.900000095367432
1257,4dj4_A_Zn_4313_OK,266,9.100000381469727
1258,4dj4_B_Zn_4311_OK,251,9.0
1259,4dj4_B_Zn_4312_OK,251,9.0
1260,4dj4_B_Zn_4313_OK,251,9.0
1261,4dxb_A_Zn_9854_OK,637,11.199999809265137
1262,4e3t_A_Zn_5421_OK,327,9.699999809265137
1263,4e3t_A_Zn_5422_OK,327,9.699999809265137
1264,4e3t_A_Zn_5423_OK,327,9.699999809265137
1265,4e4b_A_Zn_1767_OK,213,5.900000095367432
1266,4ehc_A_Zn_1972_OK,280,6.800000190734863
1267,4esj_B_Zn_5000_OK,241,5.0
1268,4ewl_B_Zn_4457_OK,290,9.699999809265137
1269,4f6m_A_Zn_1761_OK,116,12.5
1270,4f9a_D_Zn_6581_OK,90,6.099999904632568
1271,4fc8_B_Zn_2250_OK,139,6.199999809265137
1272,4fdg_C_Zn_23588_OK,592,9.5
1273,4fgm_A_Zn_4719_OK,587,10.100000381469727
1274,4fjc_A_Zn_10524_OK,447,10.5
1275,4fjc_A_Zn_10525_OK,447,10.5
1276,4fjc_E_Zn_10542_OK,434,10.5
1277,4fkb_B_Zn_6508_OK,387,8.300000190734863
1278,4fl7_A_Zn_2071_OK,257,9.199999809265137
1279,4fo9_A_Zn_1971_OK,261,8.300000190734863
1280,4fuo_A_Zn_1439_OK,206,8.699999809265137
1281,4fup_A_Zn_2826_OK,199,8.899999618530273
1282,4g26_A_Zn_3833_OK,476,9.899999618530273
1283,4g6u_A_Zn_2919_OK,213,7.400000095367432
1284,4g9i_A_Zn_36055_OK,766,8.699999809265137
1285,4g9i_B_Zn_36059_OK,762,8.699999809265137
1286,4gbl_B_Zn_816_OK,29,4.300000190734863
1287,4gdf_F_Zn_18764_OK,497,7.400000095367432
1288,4gem_A_Zn_2989_OK,194,7.699999809265137
1289,4gfj_A_Zn_4980_OK,610,1.5
1290,4ggk_A_Zn_1318_OK,164,10.699999809265137
1291,4gi4_A_Zn_2683_OK,359,9.399999618530273
1292,4giz_D_Zn_8467_OK,142,6.199999809265137
1293,4giz_D_Zn_8468_OK,142,6.199999809265137
1294,4gk8_A_Zn_2190_OK,263,10.199999809265137
1295,4gk8_A_Zn_2191_OK,263,10.199999809265137
1296,4gk8_A_Zn_2192_OK,263,10.199999809265137
1297,4glx_A_Zn_5413_OK,573,8.0
1298,4gnd_A_Zn_1599_OK,98,8.899999618530273
1299,4gnd_A_Zn_1600_OK,98,8.899999618530273
1300,4gnd_C_Zn_1605_OK,107,9.100000381469727
1301,4gnd_C_Zn_1606_OK,107,9.100000381469727
1302,4gsk_A_Zn_11411_OK,570,7.599999904632568
1303,4gsl_B_Zn_12504_OK,592,7.599999904632568
1304,4gu0_A_Zn_23936_OK,748,8.399999618530273
1305,4gu0_D_Zn_24105_OK,735,8.300000190734863
1306,4gua_C_Zn_15710_OK,662,6.400000095367432
1307,4gv3_A_Zn_1822_OK,207,2.799999952316284
1308,4gvl_D_Zn_13921_OK,455,10.300000190734863
1309,4gx1_D_Zn_14394_OK,376,10.600000381469727
1310,4gy1_B_Zn_6656_OK,324,9.100000381469727
1311,4gy1_B_Zn_6657_OK,324,9.100000381469727
1312,4gy1_B_Zn_6658_OK,324,9.100000381469727
1313,4gy5_B_Zn_6132_OK,210,7.400000095367432
1314,4gzn_C_Zn_1103_OK,59,14.199999809265137
1315,4gzy_D_Zn_24406_OK,1358,7.599999904632568
1316,4gzy_D_Zn_24407_OK,1358,7.599999904632568
1317,4h2e_A_Zn_2633_OK,164,11.0
1318,4h2e_B_Zn_2713_OK,164,11.0
1319,4h2f_A_Zn_4153_OK,524,10.199999809265137
1320,4h2k_A_Zn_3841_OK,258,10.199999809265137
1321,4h2k_A_Zn_3842_OK,258,10.199999809265137
1322,4h2y_A_Zn_5613_OK,295,9.199999809265137
1323,4h4l_A_Zn_12846_OK,144,5.099999904632568
1324,4h4l_A_Zn_12870_OK,144,5.099999904632568
1325,4h4l_B_Zn_12846_OK,144,5.099999904632568
1326,4h4l_C_Zn_12870_OK,140,5.099999904632568
1327,4h54_A_Zn_4356_OK,274,11.199999809265137
1328,4h54_B_Zn_4460_OK,269,11.100000381469727
1329,4h9k_A_Zn_1181_OK,147,3.299999952316284
1330,4h9v_A_Zn_5018_OK,317,9.199999809265137
1331,4hcc_A_Zn_8002_OK,465,9.199999809265137
1332,4hl2_A_Zn_4052_OK,243,9.300000190734863
1333,4hl2_B_Zn_4052_OK,242,9.5
1334,4hno_A_Zn_4780_OK,285,11.300000190734863
1335,4hx3_I_Zn_11064_OK,134,9.699999809265137
1336,4i11_A_Zn_3134_OK,397,10.0
1337,4i1f_A_Zn_2405_OK,306,9.5
1338,4i1f_A_Zn_2406_OK,306,9.399999618530273
1339,4i1f_A_Zn_2407_OK,306,9.5
1340,4i1f_A_Zn_2408_OK,306,9.399999618530273
1341,4i1f_A_Zn_2410_OK,306,9.5
1342,4i1f_A_Zn_2411_OK,306,9.399999618530273
1343,4i1s_B_Zn_2380_OK,52,4.5
1344,4i1s_B_Zn_2381_OK,52,4.5
1345,4i28_A_Zn_2960_OK,352,9.0
1346,4i2j_A_Zn_2779_OK,353,8.800000190734863
1347,4i2j_A_Zn_2780_OK,353,8.800000190734863
1348,4i6v_B_Zn_10372_OK,430,8.699999809265137
1349,4ifd_J_Zn_26616_OK,948,8.199999809265137
1350,4ijd_B_Zn_3309_OK,215,9.199999809265137
1351,4ijd_B_Zn_3310_OK,215,9.199999809265137
1352,4il3_A_Zn_6976_OK,422,9.699999809265137
1353,4ilo_B_Zn_3769_OK,236,9.699999809265137
1354,4ilw_A_Zn_5399_OK,182,9.0
1355,4ilw_D_Zn_5399_OK,159,11.300000190734863
1356,4iqj_B_Zn_45270_OK,1167,8.199999809265137
1357,4iqj_B_Zn_45271_OK,1167,8.199999809265137
1358,4iqj_B_Zn_45272_OK,1167,8.199999809265137
1359,4ium_A_Zn_3137_OK,127,3.4000000953674316
1360,4iur_B_Zn_2251_OK,133,5.599999904632568
1361,4iuv_B_Zn_2228_OK,129,5.400000095367432
1362,4iuw_A_Zn_5036_OK,630,10.800000190734863
1363,4ivv_A_Zn_1429_OK,174,8.899999618530273
1364,4ixj_B_Zn_3621_OK,228,6.800000190734863
1365,4ixm_A_Zn_4825_OK,318,10.0
1366,4ixm_B_Zn_4825_OK,317,10.0
1367,4ixm_B_Zn_4833_OK,317,10.0
1368,4j4k_A_Zn_3046_OK,385,9.0
1369,4j4k_A_Zn_3047_OK,385,9.0
1370,4jdg_A_Zn_2156_OK,266,9.100000381469727
1371,4jdg_A_Zn_2157_OK,266,9.0
1372,4jdg_A_Zn_2158_OK,266,9.0
1373,4jiu_A_Zn_902_OK,105,7.599999904632568
1374,4jiw_L_Zn_10872_OK,93,8.5
1375,4k2h_C_Zn_19612_OK,185,10.100000381469727
1376,4k2h_D_Zn_19612_OK,186,10.100000381469727
1377,4k2h_M_Zn_19623_OK,185,10.100000381469727
1378,4k2h_N_Zn_19623_OK,185,10.100000381469727
1379,4k7d_B_Zn_7267_OK,312,9.399999618530273
1380,4k95_G_Zn_35761_OK,375,10.5
1381,4k95_G_Zn_35763_OK,375,10.5
1382,4k95_I_Zn_35778_OK,375,10.5
1383,4k95_I_Zn_35780_OK,375,10.5
1384,4kbl_A_Zn_6576_OK,395,9.600000381469727
1385,4kbl_A_Zn_6577_OK,395,9.600000381469727
1386,4kc9_A_Zn_3139_OK,414,9.699999809265137
1387,4kc9_A_Zn_3140_OK,414,9.699999809265137
1388,4kfs_A_Zn_3240_OK,202,9.800000190734863
1389,4kfv_A_Zn_1551_OK,199,9.800000190734863
1390,4kis_C_Zn_14348_OK,309,10.800000190734863
1391,4kyw_A_Zn_2933_OK,254,5.099999904632568
1392,4l3k_A_Zn_2301_OK,141,7.199999809265137
1393,4l63_A_Zn_6065_OK,249,8.199999809265137
1394,4lad_B_Zn_1795_OK,69,12.699999809265137
1395,4lgj_A_Zn_2056_OK,256,3.4000000953674316
1396,4lj0_A_Zn_2319_OK,65,6.199999809265137
1397,4lj0_B_Zn_2334_OK,64,6.400000095367432
1398,4lj0_B_Zn_2335_OK,64,6.400000095367432
1399,4ljo_A_Zn_2310_OK,216,5.800000190734863
1400,4ljo_A_Zn_2311_OK,216,5.800000190734863
1401,4ljo_A_Zn_2312_OK,216,5.800000190734863
1402,4ljq_A_Zn_5866_OK,190,4.599999904632568
1403,4ljq_B_Zn_5861_OK,192,4.699999809265137
1404,4ljq_C_Zn_5861_OK,192,5.400000095367432
1405,4lmg_B_Zn_5099_OK,121,8.800000190734863
1406,4lp6_A_Zn_4021_OK,257,9.199999809265137
1407,4lp6_A_Zn_4029_OK,257,9.199999809265137
1408,4lp6_B_Zn_4127_OK,257,9.100000381469727
1409,4lp6_B_Zn_4130_OK,257,9.100000381469727
1410,4lqx_A_Zn_5063_OK,303,8.100000381469727
1411,4lw9_D_Zn_11059_OK,119,9.600000381469727
1412,4lw9_R_Zn_11059_OK,118,9.399999618530273
1413,4ly1_A_Zn_8962_OK,368,7.699999809265137
1414,4m8o_A_Zn_9763_OK,1126,8.0
1415,4mb7_A_Zn_2247_OK,273,8.300000190734863
1416,4mca_A_Zn_5404_OK,367,9.199999809265137
1417,4mca_B_Zn_5418_OK,363,9.300000190734863
1418,4me3_A_Zn_4072_OK,246,9.699999809265137
1419,4mfe_C_Zn_17536_OK,596,7.300000190734863
1420,4mi5_A_Zn_1612_OK,208,9.5
1421,4mi5_A_Zn_1613_OK,208,9.5
1422,4mi5_A_Zn_1614_OK,208,9.5
1423,4mi5_A_Zn_1615_OK,208,9.5
1424,4mi5_A_Zn_1616_OK,208,9.5
1425,4mi5_A_Zn_1617_OK,208,9.5
1426,4mj7_A_Zn_2474_OK,157,8.0
1427,4mn5_A_Zn_1632_OK,103,14.399999618530273
1428,4mn6_A_Zn_1493_OK,96,14.600000381469727
1429,4mo1_A_Zn_2205_OK,145,6.099999904632568
1430,4mt2_A_Zn_410_OK,61,2.5999999046325684
1431,4mt2_A_Zn_411_OK,61,2.5999999046325684
1432,4mtt_A_Zn_2065_OK,128,12.199999809265137
1433,4mtt_B_Zn_2065_OK,127,12.199999809265137
1434,4mtt_B_Zn_2074_OK,127,12.399999618530273
1435,4n0g_A_Zn_6355_OK,267,11.199999809265137
1436,4n0o_A_Zn_12157_OK,395,8.199999809265137
1437,4n0o_C_Zn_12160_OK,398,8.399999618530273
1438,4n0o_G_Zn_12171_OK,393,8.5
1439,4n3w_A_Zn_1577_OK,184,9.5
1440,4n4r_A_Zn_11105_OK,532,9.699999809265137
1441,4n4r_B_Zn_11105_OK,151,9.199999809265137
1442,4n9f_1_Zn_77331_OK,170,4.099999904632568
1443,4naz_A_Zn_1235_OK,130,10.100000381469727
1444,4ndg_B_Zn_3805_OK,177,8.399999618530273
1445,4nef_A_Zn_6930_OK,239,9.300000190734863
1446,4nei_A_Zn_11093_OK,705,10.399999618530273
1447,4nge_A_Zn_15993_OK,964,11.100000381469727
1448,4nge_B_Zn_15993_OK,9,1.0
1449,4nh1_C_Zn_8954_OK,201,6.0
1450,4nl4_H_Zn_5519_OK,698,10.199999809265137
1451,4nl4_H_Zn_5520_OK,698,10.100000381469727
1452,4nn2_A_Zn_1901_OK,124,9.399999618530273
1453,4nn2_A_Zn_1902_OK,124,9.399999618530273
1454,4nn2_B_Zn_1906_OK,118,9.5
1455,4nqy_A_Zn_6241_OK,409,7.5
1456,4nqy_B_Zn_6241_OK,409,7.5
1457,4ntk_C_Zn_5903_OK,119,8.699999809265137
1458,4nzg_D_Zn_3221_OK,93,7.699999809265137
1459,4o23_A_Zn_5667_OK,376,11.0
1460,4o3m_A_Zn_5311_OK,613,8.399999618530273
1461,4o5o_A_Zn_3711_OK,257,11.600000381469727
1462,4o5o_B_Zn_3711_OK,261,11.5
1463,4obi_A_Zn_710_OK,87,6.900000095367432
1464,4oiw_C_Zn_18945_OK,408,8.199999809265137
1465,4ojx_A_Zn_2947_OK,363,8.899999618530273
1466,4ojx_A_Zn_2948_OK,363,8.899999618530273
1467,4ojy_C_Zn_17185_OK,685,11.600000381469727
1468,4oko_B_Zn_17997_OK,287,8.699999809265137
1469,4on1_B_Zn_5302_OK,333,5.0
1470,4oqb_D_Zn_11780_OK,222,7.900000095367432
1471,4oqb_D_Zn_11781_OK,222,7.900000095367432
1472,4p2y_A_Zn_2988_OK,301,12.899999618530273
1473,4p35_A_Zn_1400_OK,187,10.199999809265137
1474,4paw_A_Zn_3017_OK,197,9.899999618530273
1475,4paw_B_Zn_3023_OK,196,9.899999618530273
1476,4pht_A_Zn_15344_OK,438,9.399999618530273
1477,4pjo_L_Zn_26849_OK,53,7.0
1478,4pks_A_Zn_4007_OK,486,6.800000190734863
1479,4ppe_B_Zn_1043_OK,67,12.899999618530273
1480,4pt5_A_Zn_2504_OK,319,5.800000190734863
1481,4pxy_A_Zn_4059_OK,244,9.899999618530273
1482,4pys_B_Zn_7924_OK,483,9.100000381469727
1483,4q3j_A_Zn_2069_OK,259,3.4000000953674316
1484,4qbs_A_Zn_1157_OK,138,6.199999809265137
1485,4qbs_A_Zn_1158_OK,138,6.199999809265137
1486,4qbs_A_Zn_1159_OK,138,6.199999809265137
1487,4qcl_A_Zn_7476_OK,865,9.0
1488,4qhh_A_Zn_908_OK,108,7.5
1489,4qhj_A_Zn_1867_OK,108,8.5
1490,4qiw_W_Zn_51085_OK,42,9.300000190734863
1491,4qn1_A_Zn_2925_OK,372,8.0
1492,4qq4_A_Zn_949_OK,48,7.599999904632568
1493,4qq4_A_Zn_953_OK,48,7.599999904632568
1494,4qq4_B_Zn_953_OK,48,7.699999809265137
1495,4qq4_B_Zn_954_OK,48,7.599999904632568
1496,4qvu_A_Zn_1717_OK,217,8.699999809265137
1497,4r04_A_Zn_14411_OK,1793,5.400000095367432
1498,4r2c_A_Zn_1235_OK,86,13.399999618530273
1499,4r2j_A_Zn_2117_OK,285,10.699999809265137
1500,4r2y_A_Zn_2036_OK,64,12.0
1501,4r2y_B_Zn_2036_OK,59,12.600000381469727
1502,4r2y_B_Zn_2040_OK,59,12.600000381469727
1503,4r2y_C_Zn_2046_OK,65,11.699999809265137
1504,4r2y_D_Zn_2046_OK,62,11.899999618530273
1505,4r7m_C_Zn_46819_OK,518,7.300000190734863
1506,4r7m_C_Zn_46824_OK,518,7.300000190734863
1507,4r7y_B_Zn_9493_OK,591,9.600000381469727
1508,4ral_B_Zn_15763_OK,953,11.600000381469727
1509,4ral_E_Zn_15763_OK,10,1.0
1510,4ram_A_Zn_3708_OK,239,9.600000381469727
1511,4ram_B_Zn_3708_OK,239,9.600000381469727
1512,4rdr_A_Zn_5637_OK,706,11.899999618530273
1513,4rgq_B_Zn_10594_OK,333,9.699999809265137
1514,4rgv_A_Zn_5168_OK,328,9.699999809265137
1515,4rhz_A_Zn_3052_OK,259,8.899999618530273
1516,4rkg_A_Zn_1106_OK,37,2.5999999046325684
1517,4rkg_A_Zn_1107_OK,37,2.5999999046325684
1518,4rkg_A_Zn_1108_OK,37,2.5999999046325684
1519,4rld_A_Zn_10201_OK,330,10.699999809265137
1520,4rmh_A_Zn_2421_OK,292,9.100000381469727
1521,4rou_A_Zn_3889_OK,253,7.5
1522,4rpu_B_Zn_16057_OK,940,10.800000190734863
1523,4rul_A_Zn_6414_OK,823,7.800000190734863
1524,4rul_A_Zn_6415_OK,823,7.800000190734863
1525,4ruw_A_Zn_2997_OK,386,10.0
1526,4rvd_A_Zn_3234_OK,417,10.399999618530273
1527,4rvw_A_Zn_4834_OK,610,11.899999618530273
1528,4rvz_Z_Zn_3373_OK,419,6.5
1529,4rxo_D_Zn_14612_OK,444,8.600000381469727
1530,4tma_I_Zn_26801_OK,47,4.800000190734863
1531,4toi_A_Zn_2407_OK,307,8.600000381469727
1532,4tsd_B_Zn_2901_OK,181,7.400000095367432
1533,4tvr_A_Zn_1743_OK,222,7.099999904632568
1534,4txd_A_Zn_2708_OK,336,5.199999809265137
1535,4tz9_A_Zn_1707_OK,231,9.800000190734863
1536,4u10_B_Zn_4252_OK,262,9.699999809265137
1537,4u10_B_Zn_4253_OK,262,9.699999809265137
1538,4u10_B_Zn_4254_OK,262,9.699999809265137
1539,4u10_B_Zn_4256_OK,262,9.699999809265137
1540,4u3e_B_Zn_10359_OK,619,7.900000095367432
1541,4u7p_A_Zn_5046_OK,426,8.699999809265137
1542,4u7p_A_Zn_5048_OK,426,8.699999809265137
1543,4u7t_A_Zn_9986_OK,417,8.800000190734863
1544,4u7t_A_Zn_9987_OK,417,8.800000190734863
1545,4u7t_C_Zn_10014_OK,418,8.600000381469727
1546,4u8u_s_Zn_59187_OK,213,5.0
1547,4u99_A_Zn_5964_OK,187,9.699999809265137
1548,4uam_D_Zn_13922_OK,220,9.699999809265137
1549,4ub9_G_Zn_28796_OK,467,11.899999618530273
1550,4ud0_B_Zn_2847_OK,350,2.0999999046325684
1551,4uoq_A_Zn_16383_OK,683,11.300000190734863
1552,4uoq_B_Zn_16383_OK,684,11.300000190734863
1553,4uoq_C_Zn_16383_OK,682,11.399999618530273
1554,4uoz_A_Zn_16433_OK,688,11.399999618530273
1555,4uoz_B_Zn_16433_OK,688,11.300000190734863
1556,4uoz_C_Zn_16433_OK,688,11.399999618530273
1557,4uvq_A_Zn_4195_OK,263,6.099999904632568
1558,4v2y_C_Zn_2550_OK,102,7.199999809265137
1559,4w1o_A_Zn_10450_OK,322,8.899999618530273
1560,4w1o_A_Zn_10451_OK,322,8.899999618530273
1561,4w4u_A_Zn_10542_OK,438,10.600000381469727
1562,4w4u_D_Zn_10545_OK,409,10.300000190734863
1563,4w4u_D_Zn_10546_OK,409,10.399999618530273
1564,4w4u_H_Zn_10549_OK,82,5.199999809265137
1565,4w8y_A_Zn_13018_OK,835,7.400000095367432
1566,4wai_C_Zn_2773_OK,91,7.599999904632568
1567,4whc_A_Zn_1679_OK,107,10.5
1568,4wjb_C_Zn_12326_OK,407,10.300000190734863
1569,4wou_A_Zn_4698_OK,595,6.099999904632568
1570,4wrn_B_Zn_20828_OK,663,10.600000381469727
1571,4wth_A_Zn_6261_OK,403,11.300000190734863
1572,4wth_A_Zn_6262_OK,403,11.300000190734863
1573,4wth_B_Zn_6286_OK,406,11.199999809265137
1574,4wth_B_Zn_6287_OK,406,11.199999809265137
1575,4wwx_E_Zn_14982_OK,598,3.5999999046325684
1576,4x8i_A_Zn_7867_OK,337,9.399999618530273
1577,4xay_A_Zn_5188_OK,329,9.199999809265137
1578,4xay_A_Zn_5189_OK,329,9.199999809265137
1579,4xay_G_Zn_5203_OK,328,9.300000190734863
1580,4xay_G_Zn_5204_OK,328,9.300000190734863
1581,4xb6_H_Zn_30081_OK,277,2.9000000953674316
1582,4xbh_B_Zn_11275_OK,696,11.199999809265137
1583,4xgm_A_Zn_2788_OK,341,9.5
1584,4xm5_A_Zn_2103_OK,267,7.900000095367432
1585,4xm5_A_Zn_2104_OK,267,7.900000095367432
1586,4xn1_A_Zn_7042_OK,868,9.300000190734863
1587,4xwo_M_Zn_45972_OK,304,10.199999809265137
1588,4xwo_N_Zn_45972_OK,300,9.899999618530273
1589,4xxo_A_Zn_3011_OK,186,6.0
1590,4y12_A_Zn_2412_OK,322,10.699999809265137
1591,4y8a_A_Zn_1695_OK,108,10.199999809265137
1592,4y8a_B_Zn_1705_OK,108,10.199999809265137
1593,4y97_F_Zn_19527_OK,176,8.0
1594,4y97_F_Zn_19528_OK,176,8.100000381469727
1595,4ybg_A_Zn_1904_OK,238,7.599999904632568
1596,4ybh_A_Zn_2995_OK,302,12.899999618530273
1597,4ybh_A_Zn_2997_OK,302,12.899999618530273
1598,4ybh_A_Zn_2998_OK,302,12.899999618530273
1599,4ybh_A_Zn_3015_OK,302,12.899999618530273
1600,4ybh_B_Zn_3015_OK,89,9.5
1601,4yhb_B_Zn_4275_OK,262,8.899999618530273
1602,4ymk_A_Zn_5234_OK,322,7.900000095367432
1603,4ymk_A_Zn_5235_OK,322,7.900000095367432
1604,4ypt_A_Zn_2965_OK,377,5.300000190734863
1605,4ypu_B_Zn_3311_OK,190,10.100000381469727
1606,4ypu_B_Zn_3312_OK,190,10.100000381469727
1607,4yu5_A_Zn_10766_OK,695,7.300000190734863
1608,4yzi_A_Zn_2338_OK,289,6.900000095367432
1609,4z0o_A_Zn_480_OK,55,7.099999904632568
1610,4z3z_D_Zn_26058_OK,652,8.699999809265137
1611,4z4k_A_Zn_4583_OK,282,5.400000095367432
1612,4z4k_B_Zn_4586_OK,281,5.400000095367432
1613,4z4m_A_Zn_4095_OK,253,4.699999809265137
1614,4z60_A_Zn_2396_OK,308,10.0
1615,4zdt_A_Zn_2223_OK,69,7.099999904632568
1616,4zdt_C_Zn_2242_OK,70,7.099999904632568
1617,4zga_A_Zn_5793_OK,740,9.5
1618,4znb_B_Zn_3398_OK,223,9.899999618530273
1619,4zr1_A_Zn_4595_OK,274,7.199999809265137
1620,4zr1_B_Zn_4742_OK,275,7.300000190734863
1621,4zun_B_Zn_5483_OK,341,8.100000381469727
1622,4zun_B_Zn_5484_OK,341,8.100000381469727
1623,4zvl_A_Zn_7319_OK,230,9.600000381469727
1624,4zw7_A_Zn_7357_OK,888,9.699999809265137
1625,4zxn_A_Zn_3016_OK,369,3.299999952316284
1626,5a22_A_Zn_32187_OK,2002,6.800000190734863
1627,5a22_A_Zn_32188_OK,2002,6.800000190734863
1628,5a2q_f_Zn_80545_OK,72,6.099999904632568
1629,5a39_A_Zn_4083_OK,114,6.900000095367432
1630,5a3c_A_Zn_2409_OK,289,9.0
1631,5a4x_B_Zn_2547_OK,163,11.0
1632,5a8a_A_Zn_2482_OK,155,8.399999618530273
1633,5aaq_A_Zn_900_OK,57,5.099999904632568
1634,5aay_A_Zn_441_OK,29,2.5999999046325684
1635,5aaz_A_Zn_484_OK,31,2.5
1636,5ae6_A_Zn_12210_OK,761,8.600000381469727
1637,5ae6_B_Zn_12451_OK,766,8.699999809265137
1638,5ae6_B_Zn_12452_OK,766,8.699999809265137
1639,5ae6_B_Zn_12455_OK,766,8.699999809265137
1640,5af0_C_Zn_7265_OK,239,7.300000190734863
1641,5ah0_A_Zn_6045_OK,385,8.600000381469727
1642,5ah1_A_Zn_7078_OK,428,8.0
1643,5ah5_A_Zn_15862_OK,789,9.699999809265137
1644,5aj3_F_Zn_66251_OK,123,8.0
1645,5aj3_P_Zn_66252_OK,117,6.0
1646,5aj3_R_Zn_66251_OK,97,5.699999809265137
1647,5aj3_c_Zn_66252_OK,169,6.699999809265137
1648,5aj3_p_Zn_66282_OK,188,4.699999809265137
1649,5aja_B_Zn_3801_OK,84,4.300000190734863
1650,5auo_A_Zn_2930_OK,136,7.300000190734863
1651,5aws_A_Zn_4180_OK,275,8.5
1652,5aws_A_Zn_4181_OK,275,8.5
1653,5aws_A_Zn_4183_OK,275,8.5
1654,5aws_A_Zn_4184_OK,275,8.5
1655,5aws_B_Zn_4181_OK,265,8.600000381469727
1656,5aws_B_Zn_4184_OK,265,8.600000381469727
1657,5aws_B_Zn_4188_OK,265,8.600000381469727
1658,5aws_B_Zn_4189_OK,265,8.600000381469727
1659,5awt_A_Zn_2141_OK,266,8.5
1660,5awt_A_Zn_2142_OK,266,8.600000381469727
1661,5awt_A_Zn_2143_OK,266,8.600000381469727
1662,5awt_A_Zn_2144_OK,266,8.600000381469727
1663,5awt_A_Zn_2145_OK,266,8.600000381469727
1664,5b1b_F_Zn_29976_OK,98,6.699999809265137
1665,5b1u_A_Zn_1969_OK,259,10.199999809265137
1666,5b1u_A_Zn_1970_OK,259,10.300000190734863
1667,5b2q_A_Zn_14578_OK,1455,4.199999809265137
1668,5b5v_A_Zn_6177_OK,187,7.400000095367432
1669,5b5y_B_Zn_3600_OK,241,5.699999809265137
1670,5b73_A_Zn_2532_OK,313,9.800000190734863
1671,5b75_A_Zn_2228_OK,119,9.899999618530273
1672,5b75_A_Zn_2229_OK,119,9.899999618530273
1673,5bqk_B_Zn_6088_OK,266,4.199999809265137
1674,5buc_A_Zn_4467_OK,230,9.600000381469727
1675,5c0w_J_Zn_31174_OK,970,8.100000381469727
1676,5c13_A_Zn_4017_OK,59,12.600000381469727
1677,5c1z_A_Zn_6185_OK,384,10.5
1678,5c1z_B_Zn_6209_OK,384,10.5
1679,5c1z_B_Zn_6210_OK,384,10.600000381469727
1680,5c1z_B_Zn_6212_OK,384,10.5
1681,5c22_A_Zn_8589_OK,266,10.899999618530273
1682,5c22_B_Zn_8590_OK,267,10.800000190734863
1683,5c22_B_Zn_8591_OK,267,10.800000190734863
1684,5c22_D_Zn_8592_OK,266,10.899999618530273
1685,5c22_D_Zn_8593_OK,266,10.899999618530273
1686,5c2w_D_Zn_22702_OK,770,8.300000190734863
1687,5c3e_C_Zn_32526_OK,265,8.0
1688,5c4v_B_Zn_6707_OK,96,4.900000095367432
1689,5c4v_F_Zn_6711_OK,93,5.0
1690,5c66_A_Zn_6562_OK,441,7.5
1691,5c66_A_Zn_6563_OK,441,7.5
1692,5c66_A_Zn_6564_OK,441,7.5
1693,5c8s_B_Zn_10168_OK,514,2.799999952316284
1694,5c8s_D_Zn_10249_OK,514,2.799999952316284
1695,5c8s_D_Zn_10251_OK,514,2.799999952316284
1696,5c9v_A_Zn_2354_OK,306,9.5
1697,5caw_A_Zn_5559_OK,298,9.399999618530273
1698,5caw_A_Zn_5561_OK,298,9.399999618530273
1699,5caw_C_Zn_5571_OK,315,9.600000381469727
1700,5caw_C_Zn_5573_OK,315,9.600000381469727
1701,5ccv_H_Zn_52663_OK,767,6.400000095367432
1702,5cd4_U_Zn_53332_OK,492,9.100000381469727
1703,5cde_A_Zn_5989_OK,398,10.100000381469727
1704,5cde_A_Zn_5990_OK,398,10.0
1705,5cde_A_Zn_6004_OK,398,10.0
1706,5cde_A_Zn_6005_OK,398,10.100000381469727
1707,5cde_B_Zn_6004_OK,397,10.100000381469727
1708,5cde_B_Zn_6005_OK,397,10.100000381469727
1709,5chj_A_Zn_10831_OK,356,10.0
1710,5chj_B_Zn_10831_OK,356,9.899999618530273
1711,5cht_A_Zn_4887_OK,308,11.5
1712,5cht_B_Zn_4887_OK,300,11.300000190734863
1713,5chu_B_Zn_10931_OK,359,10.399999618530273
1714,5cir_A_Zn_5608_OK,149,8.800000190734863
1715,5cir_B_Zn_5608_OK,151,8.699999809265137
1716,5cir_D_Zn_5608_OK,150,8.699999809265137
1717,5cqk_A_Zn_2935_OK,181,6.0
1718,5cuo_A_Zn_5804_OK,188,4.699999809265137
1719,5cuo_A_Zn_5805_OK,188,4.699999809265137
1720,5cup_A_Zn_5689_OK,189,4.699999809265137
1721,5cup_A_Zn_5690_OK,189,4.699999809265137
1722,5cvi_A_Zn_3479_OK,212,9.800000190734863
1723,5cvi_A_Zn_3481_OK,212,9.800000190734863
1724,5cz2_J_Zn_8601_OK,41,6.5
1725,5czo_C_Zn_7922_OK,99,3.9000000953674316
1726,5d9y_A_Zn_3780_OK,413,3.200000047683716
1727,5d9y_A_Zn_3781_OK,413,3.200000047683716
1728,5d9y_A_Zn_3782_OK,413,3.200000047683716
1729,5dah_A_Zn_2798_OK,179,9.5
1730,5dah_B_Zn_2811_OK,181,9.5
1731,5dah_B_Zn_2812_OK,181,9.5
1732,5dcz_A_Zn_1620_OK,203,9.5
1733,5dhf_C_Zn_10983_OK,994,11.100000381469727
1734,5diz_B_Zn_14799_OK,472,9.399999618530273
1735,5dk5_B_Zn_9545_OK,295,9.399999618530273
1736,5dka_B_Zn_1518_OK,96,11.699999809265137
1737,5dkc_A_Zn_910_OK,110,10.600000381469727
1738,5dkd_A_Zn_1830_OK,110,10.399999618530273
1739,5dkh_A_Zn_2797_OK,116,10.300000190734863
1740,5dlw_A_Zn_6318_OK,781,9.600000381469727
1741,5dlw_A_Zn_6319_OK,781,9.600000381469727
1742,5dmm_A_Zn_2185_OK,288,8.699999809265137
1743,5dmm_A_Zn_2186_OK,288,8.800000190734863
1744,5dob_A_Zn_3192_OK,237,4.5
1745,5dwk_C_Zn_4515_OK,106,6.5
1746,5dzt_A_Zn_7253_OK,886,8.300000190734863
1747,5e0y_A_Zn_551_OK,68,11.399999618530273
1748,5e0y_A_Zn_552_OK,68,11.399999618530273
1749,5e0y_A_Zn_553_OK,68,11.399999618530273
1750,5e0y_A_Zn_554_OK,68,11.399999618530273
1751,5e3a_A_Zn_5801_OK,725,6.800000190734863
1752,5e8c_A_Zn_3176_OK,238,4.599999904632568
1753,5ed2_A_Zn_8032_OK,385,7.599999904632568
1754,5edu_A_Zn_11076_OK,720,9.5
1755,5edv_A_Zn_10963_OK,286,9.5
1756,5edv_A_Zn_10964_OK,286,9.5
1757,5edv_A_Zn_10969_OK,286,9.5
1758,5edv_A_Zn_10970_OK,286,9.5
1759,5edv_B_Zn_10975_OK,333,8.5
1760,5edv_B_Zn_10976_OK,333,8.5
1761,5elh_A_Zn_4751_OK,142,7.400000095367432
1762,5elh_A_Zn_4752_OK,142,7.400000095367432
1763,5elh_A_Zn_4753_OK,142,7.400000095367432
1764,5elk_A_Zn_1937_OK,121,8.399999618530273
1765,5elk_A_Zn_1938_OK,121,8.399999618530273
1766,5erc_A_Zn_1310_OK,167,9.899999618530273
1767,5erc_A_Zn_1311_OK,167,9.899999618530273
1768,5erc_A_Zn_1312_OK,167,9.899999618530273
1769,5ezb_B_Zn_4262_OK,138,10.300000190734863
1770,5ezm_A_Zn_4099_OK,537,10.899999618530273
1771,5f37_B_Zn_11222_OK,354,7.5
1772,5f6c_A_Zn_16151_OK,512,7.599999904632568
1773,5f6c_B_Zn_16151_OK,510,7.599999904632568
1774,5f9z_A_Zn_7810_OK,493,9.199999809265137
1775,5fb3_A_Zn_15493_OK,336,9.600000381469727
1776,5fca_B_Zn_14078_OK,426,10.100000381469727
1777,5fca_B_Zn_14080_OK,426,10.100000381469727
1778,5fd3_A_Zn_2646_OK,108,6.300000190734863
1779,5fd3_A_Zn_2647_OK,108,6.5
1780,5fd3_A_Zn_2648_OK,108,6.400000095367432
1781,5fd3_B_Zn_2649_OK,108,6.099999904632568
1782,5fd3_B_Zn_2650_OK,108,6.099999904632568
1783,5fd3_B_Zn_2651_OK,108,6.099999904632568
1784,5fgn_A_Zn_4338_OK,536,11.199999809265137
1785,5fib_A_Zn_16634_OK,534,9.100000381469727
1786,5frf_A_Zn_1616_OK,108,8.699999809265137
1787,5fss_A_Zn_2521_OK,318,8.5
1788,5fza_A_Zn_3766_OK,453,8.100000381469727
1789,5fza_A_Zn_3767_OK,453,8.100000381469727
1790,5g04_B_Zn_65500_OK,84,10.5
1791,5g35_B_Zn_3046_OK,115,7.099999904632568
1792,5g5y_A_Zn_7942_OK,494,11.0
1793,5g5y_A_Zn_7943_OK,494,11.0
1794,5g5y_A_Zn_7947_OK,494,11.0
1795,5g5y_B_Zn_7943_OK,494,11.0
1796,5g5y_B_Zn_7969_OK,494,11.0
1797,5g5y_B_Zn_7970_OK,494,11.0
1798,5gha_B_Zn_11752_OK,309,9.800000190734863
1799,5gha_C_Zn_11763_OK,302,9.699999809265137
1800,5gj9_A_Zn_4759_OK,298,10.699999809265137
1801,5gk9_A_Zn_2406_OK,265,5.800000190734863
1802,5gl7_A_Zn_4781_OK,597,10.199999809265137
1803,5gl7_A_Zn_4782_OK,597,10.199999809265137
1804,5gmk_F_Zn_75318_OK,115,6.800000190734863
1805,5gof_A_Zn_3259_OK,390,10.300000190734863
1806,5gov_A_Zn_5035_OK,321,11.0
1807,5gov_A_Zn_5036_OK,321,11.0
1808,5gov_A_Zn_5037_OK,321,11.0
1809,5gov_A_Zn_5039_OK,321,11.0
1810,5gov_A_Zn_5040_OK,321,11.0
1811,5gov_A_Zn_5042_OK,321,11.0
1812,5gov_B_Zn_5032_OK,320,11.0
1813,5gov_B_Zn_5033_OK,320,11.0
1814,5gov_B_Zn_5034_OK,320,11.0
1815,5gov_B_Zn_5035_OK,320,11.0
1816,5gov_B_Zn_5036_OK,320,11.0
1817,5gox_A_Zn_2967_OK,181,9.199999809265137
1818,5gox_B_Zn_2967_OK,181,9.199999809265137
1819,5grq_A_Zn_1904_OK,90,2.9000000953674316
1820,5grq_B_Zn_1919_OK,85,2.9000000953674316
1821,5grr_A_Zn_2577_OK,323,11.199999809265137
1822,5h0m_A_Zn_782_OK,92,10.300000190734863
1823,5h4g_B_Zn_2222_OK,139,9.100000381469727
1824,5h4j_A_Zn_1015_OK,126,9.100000381469727
1825,5h6b_A_Zn_1905_OK,252,10.899999618530273
1826,5h6b_A_Zn_1906_OK,252,10.800000190734863
1827,5h6b_A_Zn_1908_OK,252,10.899999618530273
1828,5h7s_B_Zn_5537_OK,124,10.800000190734863
1829,5h7s_B_Zn_5540_OK,124,10.800000190734863
1830,5hez_A_Zn_9627_OK,287,11.100000381469727
1831,5hez_B_Zn_9773_OK,289,11.199999809265137
1832,5hez_C_Zn_9773_OK,289,11.199999809265137
1833,5hj0_A_Zn_2365_OK,100,6.900000095367432
1834,5hmx_A_Zn_4817_OK,590,5.5
1835,5hmx_A_Zn_4818_OK,590,5.5
1836,5ho1_B_Zn_1346_OK,83,9.5
1837,5hpd_A_Zn_2432_OK,158,6.599999904632568
1838,5hwa_A_Zn_2174_OK,259,6.099999904632568
1839,5hwa_A_Zn_2178_OK,259,6.099999904632568
1840,5hxb_C_Zn_25064_OK,370,8.699999809265137
1841,5i01_A_Zn_5419_OK,184,10.600000381469727
1842,5i01_B_Zn_5417_OK,184,10.600000381469727
1843,5i01_C_Zn_5417_OK,181,10.199999809265137
1844,5i01_D_Zn_5419_OK,184,10.5
1845,5i49_A_Zn_3809_OK,471,7.699999809265137
1846,5i4j_C_Zn_5678_OK,177,9.399999618530273
1847,5i4j_C_Zn_5679_OK,177,9.399999618530273
1848,5i4j_D_Zn_5678_OK,177,9.399999618530273
1849,5i4j_D_Zn_5679_OK,177,9.399999618530273
1850,5i7c_A_Zn_1958_OK,59,3.799999952316284
1851,5i7c_B_Zn_1958_OK,59,3.799999952316284
1852,5i8e_C_Zn_6422_OK,216,11.399999618530273
1853,5i8e_C_Zn_6424_OK,216,11.600000381469727
1854,5i8e_D_Zn_6424_OK,210,12.699999809265137
1855,5i8g_A_Zn_1924_OK,226,10.100000381469727
1856,5i8g_A_Zn_1925_OK,226,10.100000381469727
1857,5i8g_A_Zn_1926_OK,226,10.100000381469727
1858,5iaa_A_Zn_5075_OK,260,9.699999809265137
1859,5ib9_A_Zn_3125_OK,412,10.300000190734863
1860,5ih6_A_Zn_2348_OK,286,10.800000190734863
1861,5ihe_B_Zn_7108_OK,442,9.5
1862,5ij5_A_Zn_4421_OK,581,7.0
1863,5ij7_A_Zn_15563_OK,465,7.599999904632568
1864,5ij7_A_Zn_15564_OK,465,7.599999904632568
1865,5ij7_A_Zn_15565_OK,465,7.599999904632568
1866,5ij7_A_Zn_15569_OK,465,7.599999904632568
1867,5ij7_B_Zn_15609_OK,469,7.699999809265137
1868,5ij7_B_Zn_15610_OK,469,7.699999809265137
1869,5ij7_B_Zn_15611_OK,469,7.699999809265137
1870,5ij8_A_Zn_15540_OK,464,7.599999904632568
1871,5ij8_A_Zn_15541_OK,464,7.599999904632568
1872,5ij8_A_Zn_15542_OK,464,7.599999904632568
1873,5ije_A_Zn_4471_OK,581,7.0
1874,5ijf_A_Zn_4281_OK,572,7.099999904632568
1875,5ijl_A_Zn_7527_OK,943,5.800000190734863
1876,5ijl_A_Zn_7528_OK,943,5.800000190734863
1877,5ijt_B_Zn_26318_OK,171,12.0
1878,5ikf_A_Zn_4603_OK,150,3.9000000953674316
1879,5ikf_A_Zn_4604_OK,150,3.9000000953674316
1880,5ikj_A_Zn_8252_OK,448,6.5
1881,5ikk_A_Zn_9293_OK,594,7.599999904632568
1882,5ion_A_Zn_442_OK,29,13.600000381469727
1883,5it5_C_Zn_18071_OK,385,9.399999618530273
1884,5it5_E_Zn_18038_OK,385,9.399999618530273
1885,5iw5_A_Zn_4156_OK,254,7.599999904632568
1886,5iy0_B_Zn_12194_OK,253,9.800000190734863
1887,5j4y_A_Zn_2870_OK,363,4.699999809265137
1888,5j6p_A_Zn_2430_OK,100,7.0
1889,5j7k_B_Zn_4350_OK,90,12.699999809265137
1890,5j7k_F_Zn_4350_OK,79,13.300000190734863
1891,5j7k_H_Zn_4353_OK,64,9.199999809265137
1892,5j9k_A_Zn_3556_OK,205,9.100000381469727
1893,5jf5_A_Zn_1608_OK,202,7.5
1894,5jf8_A_Zn_1586_OK,202,7.5
1895,5jf8_A_Zn_1587_OK,202,7.5
1896,5jf8_A_Zn_1588_OK,202,7.5
1897,5jf8_A_Zn_1589_OK,202,7.5
1898,5jf8_A_Zn_1590_OK,202,7.5
1899,5jf8_A_Zn_1591_OK,202,7.5
1900,5jf8_A_Zn_1592_OK,202,7.5
1901,5jf8_A_Zn_1593_OK,202,7.5
1902,5jgf_B_Zn_14184_OK,460,8.0
1903,5jgf_B_Zn_14185_OK,460,8.0
1904,5jh9_A_Zn_14624_OK,475,7.900000095367432
1905,5jh9_A_Zn_14625_OK,475,7.900000095367432
1906,5ji5_A_Zn_2321_OK,305,8.800000190734863
1907,5jjm_A_Zn_8609_OK,252,9.800000190734863
1908,5jle_A_Zn_1875_OK,232,9.399999618530273
1909,5jle_A_Zn_1876_OK,232,9.399999618530273
1910,5jlu_A_Zn_1088_OK,137,9.899999618530273
1911,5jne_A_Zn_13412_OK,351,8.300000190734863
1912,5ju7_A_Zn_872_OK,107,11.300000190734863
1913,5ju7_A_Zn_873_OK,107,11.300000190734863
1914,5ju7_A_Zn_874_OK,107,11.300000190734863
1915,5ju7_A_Zn_875_OK,107,11.300000190734863
1916,5jwp_A_Zn_2922_OK,342,9.300000190734863
1917,5k4p_A_Zn_2543_OK,323,11.100000381469727
1918,5k4p_A_Zn_2544_OK,323,11.100000381469727
1919,5k4p_A_Zn_2546_OK,323,11.100000381469727
1920,5k4p_A_Zn_2547_OK,323,11.100000381469727
1921,5k4p_A_Zn_2549_OK,323,11.100000381469727
1922,5k4p_A_Zn_2551_OK,323,11.100000381469727
1923,5k5i_A_Zn_1465_OK,113,12.100000381469727
1924,5k5i_A_Zn_1474_OK,113,12.100000381469727
1925,5k6v_A_Zn_3023_OK,379,12.899999618530273
1926,5k6v_A_Zn_3024_OK,379,12.899999618530273
1927,5k6v_A_Zn_3027_OK,379,12.899999618530273
1928,5k7j_A_Zn_3915_OK,240,7.900000095367432
1929,5k95_B_Zn_3958_OK,244,7.099999904632568
1930,5kbi_B_Zn_3206_OK,201,8.699999809265137
1931,5kd2_A_Zn_4812_OK,591,8.399999618530273
1932,5kd8_A_Zn_4345_OK,537,8.5
1933,5kdj_B_Zn_8048_OK,501,9.0
1934,5kdr_B_Zn_4319_OK,250,9.0
1935,5kdu_A_Zn_4182_OK,512,9.0
1936,5kdw_A_Zn_13754_OK,883,8.5
1937,5kef_A_Zn_2380_OK,144,9.399999618530273
1938,5kh9_A_Zn_838_OK,100,8.699999809265137
1939,5kh9_A_Zn_840_OK,100,8.699999809265137
1940,5khy_A_Zn_1086_OK,72,12.100000381469727
1941,5khy_A_Zn_1087_OK,72,12.100000381469727
1942,5khy_A_Zn_1089_OK,72,12.100000381469727
1943,5khy_A_Zn_1091_OK,72,12.100000381469727
1944,5khy_B_Zn_1092_OK,75,12.300000190734863
1945,5khy_B_Zn_1093_OK,75,12.300000190734863
1946,5khy_B_Zn_1095_OK,75,12.199999809265137
1947,5kiv_A_Zn_4144_OK,262,8.800000190734863
1948,5kji_B_Zn_9886_OK,761,6.699999809265137
1949,5kji_B_Zn_9887_OK,761,6.699999809265137
1950,5kji_B_Zn_9888_OK,761,6.699999809265137
1951,5kji_B_Zn_9889_OK,761,6.699999809265137
1952,5kji_B_Zn_9890_OK,761,6.699999809265137
1953,5kji_B_Zn_9891_OK,761,6.699999809265137
1954,5kji_B_Zn_9892_OK,761,6.699999809265137
1955,5kji_B_Zn_9893_OK,761,6.699999809265137
1956,5kkq_D_Zn_7010_OK,145,11.699999809265137
1957,5kl4_D_Zn_4427_OK,86,13.899999618530273
1958,5kl8_B_Zn_3249_OK,69,4.599999904632568
1959,5kl8_B_Zn_3250_OK,69,4.599999904632568
1960,5krb_G_Zn_3539_OK,82,11.100000381469727
1961,5krb_G_Zn_3540_OK,82,11.100000381469727
1962,5kvl_H_Zn_3267_OK,215,12.0
1963,5kvp_A_Zn_2320_OK,159,9.800000190734863
1964,5kz6_A_Zn_5673_OK,327,10.399999618530273
1965,5kz6_A_Zn_5675_OK,327,10.399999618530273
1966,5kz6_A_Zn_5677_OK,327,10.399999618530273
1967,5kzz_A_Zn_927_OK,116,8.0
1968,5kzz_A_Zn_928_OK,116,7.900000095367432
1969,5kzz_A_Zn_929_OK,116,8.0
1970,5l0b_A_Zn_12747_OK,779,9.699999809265137
1971,5l1z_D_Zn_5717_OK,49,3.0999999046325684
1972,5l6t_A_Zn_4126_OK,258,9.100000381469727
1973,5l6t_A_Zn_4127_OK,258,9.100000381469727
1974,5l6t_A_Zn_4129_OK,258,9.100000381469727
1975,5l6t_A_Zn_4130_OK,258,9.100000381469727
1976,5l6t_B_Zn_4130_OK,251,9.100000381469727
1977,5l6t_B_Zn_4237_OK,251,9.300000190734863
1978,5l6t_B_Zn_4244_OK,251,9.100000381469727
1979,5l6t_B_Zn_4246_OK,251,9.100000381469727
1980,5l7j_A_Zn_3175_OK,406,10.100000381469727
1981,5l9e_A_Zn_8014_OK,259,9.199999809265137
1982,5l9e_A_Zn_8015_OK,259,9.100000381469727
1983,5l9e_A_Zn_8024_OK,259,9.199999809265137
1984,5l9e_B_Zn_8014_OK,259,9.199999809265137
1985,5l9e_B_Zn_8015_OK,259,9.199999809265137
1986,5l9e_B_Zn_8023_OK,259,9.100000381469727
1987,5l9e_C_Zn_8024_OK,257,9.199999809265137
1988,5l9e_D_Zn_8338_OK,256,9.100000381469727
1989,5l9e_D_Zn_8345_OK,256,9.100000381469727
1990,5laz_A_Zn_865_OK,94,4.699999809265137
1991,5lb5_B_Zn_13370_OK,433,10.800000190734863
1992,5lb8_D_Zn_6568_OK,426,10.300000190734863
1993,5ldz_D_Zn_14621_OK,313,8.5
1994,5ldz_E_Zn_14643_OK,311,8.600000381469727
1995,5lew_A_Zn_7129_OK,919,8.300000190734863
1996,5lew_A_Zn_7130_OK,919,8.300000190734863
1997,5lew_A_Zn_7131_OK,919,8.399999618530273
1998,5lj5_N_Zn_85520_OK,209,4.900000095367432
1999,5lj5_N_Zn_85521_OK,209,4.900000095367432
2000,5lkz_A_Zn_4480_OK,550,8.300000190734863
2001,5lkz_A_Zn_4482_OK,550,8.300000190734863
2002,5lnk_b_Zn_63518_OK,95,5.300000190734863
2003,5lpe_B_Zn_3153_OK,202,11.699999809265137
2004,5lpi_A_Zn_4303_OK,129,7.300000190734863
2005,5lpi_C_Zn_4298_OK,134,7.099999904632568
2006,5lpi_D_Zn_4293_OK,133,7.099999904632568
2007,5lpi_D_Zn_4296_OK,133,7.099999904632568
2008,5ls6_A_Zn_34728_OK,570,8.100000381469727
2009,5ls6_A_Zn_34729_OK,570,8.100000381469727
2010,5ls6_D_Zn_34775_OK,570,8.100000381469727
2011,5ls6_D_Zn_34776_OK,570,8.100000381469727
2012,5ls6_D_Zn_34777_OK,570,8.100000381469727
2013,5ls6_G_Zn_34823_OK,572,8.100000381469727
2014,5ls6_G_Zn_34824_OK,572,8.100000381469727
2015,5ls6_G_Zn_34825_OK,572,8.100000381469727
2016,5lst_A_Zn_4694_OK,617,8.399999618530273
2017,5lsv_A_Zn_2119_OK,232,3.299999952316284
2018,5lsv_A_Zn_2123_OK,232,3.299999952316284
2019,5lww_A_Zn_4503_OK,550,9.800000190734863
2020,5lww_A_Zn_4505_OK,550,9.800000190734863
2021,5lww_A_Zn_4506_OK,550,9.800000190734863
2022,5lww_A_Zn_4507_OK,550,9.800000190734863
2023,5lww_A_Zn_4509_OK,550,9.800000190734863
2024,5m0t_A_Zn_4418_OK,287,10.300000190734863
2025,5m0t_A_Zn_4420_OK,287,10.300000190734863
2026,5m1q_A_Zn_1350_OK,171,9.899999618530273
2027,5m64_I_Zn_35891_OK,64,8.0
2028,5m64_M_Zn_35891_OK,323,8.199999809265137
2029,5m9z_A_Zn_872_OK,56,5.900000095367432
2030,5mko_A_Zn_4953_OK,308,10.600000381469727
2031,5mko_A_Zn_4954_OK,308,10.600000381469727
2032,5mm9_B_Zn_7081_OK,231,9.5
2033,5mm9_B_Zn_7082_OK,231,9.5
2034,5mnj_C_Zn_5328_OK,63,12.0
2035,5mnj_G_Zn_5336_OK,65,11.800000190734863
2036,5mq0_M_Zn_77485_OK,252,7.699999809265137
2037,5mtm_B_Zn_1557_OK,92,13.399999618530273
2038,5mtm_B_Zn_1558_OK,92,13.399999618530273
2039,5mvw_A_Zn_1702_OK,60,3.799999952316284
2040,5mvw_B_Zn_1702_OK,61,4.0
2041,5n60_Q_Zn_48022_OK,410,8.0
2042,5n61_Q_Zn_48568_OK,389,7.900000095367432
2043,5n8c_B_Zn_4883_OK,300,6.800000190734863
2044,5n8c_B_Zn_4884_OK,300,6.800000190734863
2045,5ncw_A_Zn_3004_OK,334,10.399999618530273
2046,5nj9_A_Zn_14844_OK,480,9.800000190734863
2047,5nj9_E_Zn_14844_OK,4,1.0
2048,5nl5_A_Zn_1720_OK,72,12.100000381469727
2049,5nl5_A_Zn_1735_OK,72,12.199999809265137
2050,5nl5_B_Zn_1735_OK,72,12.100000381469727
2051,5nl5_C_Zn_1720_OK,72,12.199999809265137
2052,5no3_B_Zn_50962_OK,224,8.5
2053,5no3_Z_Zn_50966_OK,313,8.300000190734863
2054,5nof_A_Zn_4829_OK,325,8.899999618530273
2055,5nof_B_Zn_4832_OK,325,8.899999618530273
2056,5ns5_A_Zn_3014_OK,381,7.599999904632568
2057,5ns5_A_Zn_3015_OK,381,7.599999904632568
2058,5nsg_A_Zn_1732_OK,206,11.899999618530273
2059,5o4f_A_Zn_4058_OK,251,12.199999809265137
2060,5o4f_A_Zn_4085_OK,251,12.199999809265137
2061,5o4f_B_Zn_4058_OK,250,12.100000381469727
2062,5o4f_B_Zn_4059_OK,250,12.100000381469727
2063,5o4f_B_Zn_4060_OK,250,12.100000381469727
2064,5obz_B_Zn_2082_OK,74,7.5
2065,5obz_B_Zn_2083_OK,74,7.5
2066,5od6_B_Zn_2696_OK,126,6.800000190734863
2067,5ony_A_Zn_2582_OK,335,9.899999618530273
2068,5oqd_B_Zn_8793_OK,186,7.599999904632568
2069,5oqd_B_Zn_8794_OK,186,7.599999904632568
2070,5pxc_B_Zn_3039_OK,177,10.199999809265137
2071,5svc_C_Zn_25699_OK,166,6.300000190734863
2072,5svi_B_Zn_943_OK,53,7.5
2073,5syb_A_Zn_1368_OK,90,4.099999904632568
2074,5syb_B_Zn_1378_OK,90,3.9000000953674316
2075,5syb_B_Zn_1380_OK,90,3.9000000953674316
2076,5t53_A_Zn_1423_OK,187,8.399999618530273
2077,5t57_A_Zn_2170_OK,276,10.199999809265137
2078,5t74_A_Zn_2046_OK,257,9.0
2079,5t77_A_Zn_7576_OK,467,11.0
2080,5t7j_A_Zn_1903_OK,232,3.299999952316284
2081,5t7n_A_Zn_1952_OK,232,3.299999952316284
2082,5t7n_A_Zn_1953_OK,232,3.299999952316284
2083,5t7n_A_Zn_1954_OK,232,3.299999952316284
2084,5t7n_A_Zn_1955_OK,232,3.299999952316284
2085,5ta6_A_Zn_2427_OK,294,10.5
2086,5tdr_A_Zn_666_OK,70,10.300000190734863
2087,5tfu_A_Zn_14341_OK,451,12.300000190734863
2088,5tfu_B_Zn_14341_OK,451,12.399999618530273
2089,5tfu_C_Zn_14481_OK,450,12.300000190734863
2090,5tin_C_Zn_13664_OK,339,10.899999618530273
2091,5tj3_A_Zn_4160_OK,519,10.5
2092,5tj3_A_Zn_4161_OK,519,10.5
2093,5tl7_B_Zn_6231_OK,316,5.5
2094,5tpq_A_Zn_6543_OK,446,7.599999904632568
2095,5tpq_B_Zn_6544_OK,444,7.5
2096,5tpq_B_Zn_6545_OK,444,7.5
2097,5tpq_B_Zn_6546_OK,444,7.5
2098,5tpw_B_Zn_8308_OK,331,10.699999809265137
2099,5tq2_A_Zn_7931_OK,365,11.800000190734863
2100,5ts5_A_Zn_15177_OK,483,10.899999618530273
2101,5ts5_B_Zn_15177_OK,481,11.100000381469727
2102,5txu_A_Zn_2368_OK,285,8.800000190734863
2103,5u1c_A_Zn_8603_OK,251,12.399999618530273
2104,5u6h_A_Zn_1469_OK,92,7.0
2105,5u6h_A_Zn_1470_OK,92,7.0
2106,5u6l_A_Zn_1316_OK,83,7.900000095367432
2107,5u6l_A_Zn_1317_OK,83,7.900000095367432
2108,5uam_A_Zn_13626_OK,440,9.899999618530273
2109,5uan_A_Zn_5519_OK,278,10.800000190734863
2110,5uan_B_Zn_5543_OK,308,10.899999618530273
2111,5uan_B_Zn_5544_OK,308,11.0
2112,5ub8_A_Zn_1441_OK,174,11.899999618530273
2113,5ub8_A_Zn_1442_OK,174,11.899999618530273
2114,5uej_B_Zn_5911_OK,376,11.0
2115,5umh_A_Zn_4984_OK,307,6.300000190734863
2116,5uoa_A_Zn_6574_OK,401,4.400000095367432
2117,5uoa_A_Zn_6575_OK,401,4.400000095367432
2118,5uoa_B_Zn_6574_OK,402,4.5
2119,5uoa_B_Zn_6575_OK,402,4.5
2120,5up9_A_Zn_8557_OK,172,9.600000381469727
2121,5up9_B_Zn_8694_OK,174,9.399999618530273
2122,5up9_C_Zn_8742_OK,173,9.5
2123,5up9_E_Zn_8742_OK,173,9.5
2124,5up9_F_Zn_8694_OK,174,9.399999618530273
2125,5urb_B_Zn_8834_OK,547,10.600000381469727
2126,5uu9_A_Zn_5058_OK,316,8.5
2127,5uu9_A_Zn_5059_OK,316,8.5
2128,5uu9_A_Zn_5060_OK,316,8.5
2129,5uuc_A_Zn_4930_OK,316,8.5
2130,5uuc_A_Zn_4933_OK,316,8.5
2131,5uuc_A_Zn_4934_OK,316,8.5
2132,5uuc_A_Zn_4935_OK,316,8.5
2133,5uuc_A_Zn_4937_OK,316,8.5
2134,5uvm_B_Zn_1780_OK,115,10.800000190734863
2135,5uxs_A_Zn_2155_OK,274,9.399999618530273
2136,5uyg_A_Zn_2143_OK,272,9.399999618530273
2137,5uyv_A_Zn_2155_OK,274,9.399999618530273
2138,5uyv_A_Zn_2156_OK,274,9.399999618530273
2139,5uyv_A_Zn_2158_OK,274,9.399999618530273
2140,5vdv_B_Zn_5366_OK,349,8.600000381469727
2141,5ve9_C_Zn_4151_OK,74,6.099999904632568
2142,5vem_B_Zn_18500_OK,383,11.300000190734863
2143,5ven_B_Zn_12580_OK,373,11.300000190734863
2144,5vh5_A_Zn_1622_OK,207,11.899999618530273
2145,5vh5_A_Zn_1623_OK,207,12.0
2146,5vh5_A_Zn_1624_OK,207,11.899999618530273
2147,5vjj_A_Zn_2227_OK,77,1.7999999523162842
2148,5vjj_A_Zn_2228_OK,77,1.7999999523162842
2149,5vjj_B_Zn_2232_OK,75,1.7999999523162842
2150,5vkc_A_Zn_2388_OK,144,8.399999618530273
2151,5vkc_A_Zn_2389_OK,144,8.399999618530273
2152,5vkc_B_Zn_2448_OK,144,8.399999618530273
2153,5voj_A_Zn_3029_OK,198,4.199999809265137
2154,5vzj_K_Zn_29437_OK,956,8.100000381469727
2155,5w0m_A_Zn_18099_OK,372,9.699999809265137
2156,5w0r_A_Zn_8673_OK,548,9.800000190734863
2157,5w8t_A_Zn_6209_OK,319,5.400000095367432
2158,5wau_f_Zn_30526_OK,98,6.599999904632568
2159,5wcm_A_Zn_4038_OK,263,10.600000381469727
2160,5wcm_B_Zn_4038_OK,263,10.600000381469727
2161,5wgt_A_Zn_5302_OK,664,7.5
2162,5wlw_E_Zn_9874_OK,401,10.399999618530273
2163,5wlw_H_Zn_9874_OK,124,9.199999809265137
2164,5wnw_B_Zn_3090_OK,87,9.399999618530273
2165,5wo2_A_Zn_2945_OK,88,9.699999809265137
2166,5wo2_A_Zn_2954_OK,88,9.699999809265137
2167,5wo2_A_Zn_2956_OK,88,9.699999809265137
2168,5wo2_B_Zn_3004_OK,89,9.5
2169,5wo2_B_Zn_3006_OK,89,9.5
2170,5wo2_B_Zn_3008_OK,89,9.5
2171,5wo3_A_Zn_2860_OK,90,9.5
2172,5wo3_A_Zn_2863_OK,90,9.5
2173,5wuq_D_Zn_3740_OK,69,10.899999618530273
2174,5wy8_B_Zn_5075_OK,323,12.300000190734863
2175,5wy8_B_Zn_5077_OK,323,12.300000190734863
2176,5x1h_A_Zn_18296_OK,199,8.600000381469727
2177,5x50_A_Zn_28442_OK,1409,8.899999618530273
2178,5xm5_A_Zn_5794_OK,187,6.099999904632568
2179,5xm5_A_Zn_5795_OK,187,6.099999904632568
2180,5xm5_B_Zn_5800_OK,187,6.099999904632568
2181,5xyn_D_Zn_6032_OK,205,4.900000095367432
2182,5y4k_A_Zn_3078_OK,380,3.0999999046325684
2183,5yef_A_Zn_9717_OK,169,11.899999618530273
2184,5yef_G_Zn_9728_OK,169,11.899999618530273
2185,5yef_G_Zn_9731_OK,169,11.899999618530273
2186,5yeh_B_Zn_3786_OK,139,11.5
2187,6a5u_C_Zn_44004_OK,263,8.300000190734863
2188,6an0_A_Zn_3287_OK,434,6.099999904632568
2189,6eoj_B_Zn_13690_OK,94,7.0
2190,6eoj_B_Zn_13691_OK,94,7.0
